date,term_id,d2c_non_holiday,sale,d2c_holiday
1/1/23,314,1,0,0
1/2/23,314,1,0,0
1/3/23,314,1,0,0
1/4/23,314,1,0,0
1/5/23,315,1,0,0
1/6/23,315,1,0,0
1/7/23,315,1,0,0
1/8/23,315,1,0,0
1/9/23,315,1,0,0
1/10/23,315,1,0,0
1/11/23,315,1,0,0
1/12/23,316,1,0,0
1/13/23,316,1,0,0
1/14/23,316,1,0,0
1/15/23,316,1,0,0
1/16/23,316,1,0,0
1/17/23,316,1,0,0
1/18/23,316,1,0,0
1/19/23,317,1,0,0
1/20/23,317,1,0,0
1/21/23,317,1,0,0
1/22/23,317,1,0,0
1/23/23,317,1,0,0
1/24/23,317,1,0,0
1/25/23,317,1,0,0
1/26/23,318,1,0,0
1/27/23,318,1,0,0
1/28/23,318,1,0,0
1/29/23,318,1,0,0
1/30/23,318,1,0,0
1/31/23,318,1,0,0
2/1/23,318,1,0,0
2/2/23,319,1,0,0
2/3/23,319,1,0,0
2/4/23,319,1,0,0
2/5/23,319,1,0,0
2/6/23,319,1,0,0
2/7/23,319,1,0,0
2/8/23,319,1,0,0
2/9/23,320,1,0,0
2/10/23,320,1,0,0
2/11/23,320,1,0,0
2/12/23,320,1,0,0
2/13/23,320,1,0,0
2/14/23,320,1,0,0
2/15/23,320,1,0,0
2/16/23,321,1,0,0
2/17/23,321,1,0,0
2/18/23,321,1,0,0
2/19/23,321,1,0,0
2/20/23,321,1,0,0
2/21/23,321,1,0,0
2/22/23,321,1,0,0
2/23/23,322,1,0,0
2/24/23,322,1,0,0
2/25/23,322,1,0,0
2/26/23,322,1,0,0
2/27/23,322,1,0,0
2/28/23,322,1,0,0
3/1/23,322,1,0,0
3/2/23,323,1,0,0
3/3/23,323,1,0,0
3/4/23,323,1,0,0
3/5/23,323,1,0,0
3/6/23,323,1,0,0
3/7/23,323,1,0,0
3/8/23,323,1,0,0
3/9/23,324,1,0,0
3/10/23,324,1,0,0
3/11/23,324,1,0,0
3/12/23,324,1,0,0
3/13/23,324,1,0,0
3/14/23,324,1,0,0
3/15/23,324,1,0,0
3/16/23,325,1,0,0
3/17/23,325,1,0,0
3/18/23,325,0,1,0
3/19/23,325,0,1,0
3/20/23,325,0,1,0
3/21/23,325,0,1,0
3/22/23,325,0,1,0
3/23/23,326,0,1,0
3/24/23,326,0,1,0
3/25/23,326,0,1,0
3/26/23,326,0,1,0
3/27/23,326,0,1,0
3/28/23,326,0,1,0
3/29/23,326,0,1,0
3/30/23,327,0,1,0
3/31/23,327,0,1,0
4/1/23,327,0,1,0
4/2/23,327,0,1,0
4/3/23,327,1,0,0
4/4/23,327,1,0,0
4/5/23,327,1,0,0
4/6/23,328,1,0,0
4/7/23,328,1,0,0
4/8/23,328,1,0,0
4/9/23,328,1,0,0
4/10/23,328,1,0,0
4/11/23,328,1,0,0
4/12/23,328,1,0,0
4/13/23,329,1,0,0
4/14/23,329,1,0,0
4/15/23,329,1,0,0
4/16/23,329,1,0,0
4/17/23,329,1,0,0
4/18/23,329,1,0,0
4/19/23,329,1,0,0
4/20/23,330,1,0,0
4/21/23,330,1,0,0
4/22/23,330,1,0,0
4/23/23,330,1,0,0
4/24/23,330,1,0,0
4/25/23,330,1,0,0
4/26/23,330,1,0,0
4/27/23,331,1,0,0
4/28/23,331,1,0,0
4/29/23,331,1,0,0
4/30/23,331,1,0,0
5/1/23,331,1,0,0
5/2/23,331,1,0,0
5/3/23,331,1,0,0
5/4/23,332,1,0,0
5/5/23,332,1,0,0
5/6/23,332,1,0,0
5/7/23,332,1,0,0
5/8/23,332,1,0,0
5/9/23,332,1,0,0
5/10/23,332,1,0,0
5/11/23,333,1,0,0
5/12/23,333,1,0,0
5/13/23,333,1,0,0
5/14/23,333,1,0,0
5/15/23,333,1,0,0
5/16/23,333,1,0,0
5/17/23,333,1,0,0
5/18/23,334,1,0,0
5/19/23,334,1,0,0
5/20/23,334,1,0,0
5/21/23,334,1,0,0
5/22/23,334,1,0,0
5/23/23,334,1,0,0
5/24/23,334,1,0,0
5/25/23,335,0,1,0
5/26/23,335,0,1,0
5/27/23,335,0,1,0
5/28/23,335,0,1,0
5/29/23,335,0,1,0
5/30/23,335,0,1,0
5/31/23,335,0,1,0
6/1/23,336,0,1,0
6/2/23,336,0,1,0
6/3/23,336,0,1,0
6/4/23,336,0,1,0
6/5/23,336,1,0,0
6/6/23,336,1,0,0
6/7/23,336,1,0,0
6/8/23,337,1,0,0
6/9/23,337,1,0,0
6/10/23,337,1,0,0
6/11/23,337,1,0,0
6/12/23,337,1,0,0
6/13/23,337,1,0,0
6/14/23,337,1,0,0
6/15/23,338,1,0,0
6/16/23,338,1,0,0
6/17/23,338,1,0,0
6/18/23,338,1,0,0
6/19/23,338,1,0,0
6/20/23,338,1,0,0
6/21/23,338,1,0,0
6/22/23,339,1,0,0
6/23/23,339,1,0,0
6/24/23,339,1,0,0
6/25/23,339,1,0,0
6/26/23,339,1,0,0
6/27/23,339,1,0,0
6/28/23,339,1,0,0
6/29/23,340,1,0,0
6/30/23,340,1,0,0
7/1/23,340,1,0,0
7/2/23,340,1,0,0
7/3/23,340,1,0,0
7/4/23,340,1,0,0
7/5/23,340,1,0,0
7/6/23,341,1,0,0
7/7/23,341,1,0,0
7/8/23,341,1,0,0
7/9/23,341,1,0,0
7/10/23,341,1,0,0
7/11/23,341,1,0,0
7/12/23,341,1,0,0
7/13/23,342,1,0,0
7/14/23,342,1,0,0
7/15/23,342,1,0,0
7/16/23,342,1,0,0
7/17/23,342,1,0,0
7/18/23,342,1,0,0
7/19/23,342,1,0,0
7/20/23,343,0,1,0
7/21/23,343,0,1,0
7/22/23,343,0,1,0
7/23/23,343,0,1,0
7/24/23,343,0,1,0
7/25/23,343,0,1,0
7/26/23,343,0,1,0
7/27/23,344,0,1,0
7/28/23,344,0,1,0
7/29/23,344,0,1,0
7/30/23,344,0,1,0
7/31/23,344,1,0,0
8/1/23,344,1,0,0
8/2/23,344,1,0,0
8/3/23,345,1,0,0
8/4/23,345,1,0,0
8/5/23,345,1,0,0
8/6/23,345,1,0,0
8/7/23,345,1,0,0
8/8/23,345,1,0,0
8/9/23,345,1,0,0
8/10/23,346,1,0,0
8/11/23,346,1,0,0
8/12/23,346,1,0,0
8/13/23,346,1,0,0
8/14/23,346,1,0,0
8/15/23,346,1,0,0
8/16/23,346,1,0,0
8/17/23,347,0,1,0
8/18/23,347,0,1,0
8/19/23,347,0,1,0
8/20/23,347,0,1,0
8/21/23,347,0,1,0
8/22/23,347,0,1,0
8/23/23,347,0,1,0
8/24/23,348,0,1,0
8/25/23,348,0,1,0
8/26/23,348,0,1,0
8/27/23,348,0,1,0
8/28/23,348,0,1,0
8/29/23,348,0,1,0
8/30/23,348,0,1,0
8/31/23,349,0,1,0
9/1/23,349,0,1,0
9/2/23,349,0,1,0
9/3/23,349,0,1,0
9/4/23,349,0,1,0
9/5/23,349,1,0,0
9/6/23,349,1,0,0
9/7/23,350,1,0,0
9/8/23,350,1,0,0
9/9/23,350,1,0,0
9/10/23,350,1,0,0
9/11/23,350,1,0,0
9/12/23,350,1,0,0
9/13/23,350,1,0,0
9/14/23,351,1,0,0
9/15/23,351,1,0,0
9/16/23,351,1,0,0
9/17/23,351,1,0,0
9/18/23,351,1,0,0
9/19/23,351,1,0,0
9/20/23,351,1,0,0
9/21/23,352,1,0,0
9/22/23,352,1,0,0
9/23/23,352,1,0,0
9/24/23,352,1,0,0
9/25/23,352,1,0,0
9/26/23,352,1,0,0
9/27/23,352,1,0,0
9/28/23,353,1,0,0
9/29/23,353,1,0,0
9/30/23,353,1,0,0
10/1/23,353,1,0,0
10/2/23,353,1,0,0
10/3/23,353,1,0,0
10/4/23,353,1,0,0
10/5/23,354,0,1,0
10/6/23,354,0,1,0
10/7/23,354,0,1,0
10/8/23,354,0,1,0
10/9/23,354,0,1,0
10/10/23,354,0,1,0
10/11/23,354,0,1,0
10/12/23,355,1,0,0
10/13/23,355,1,0,0
10/14/23,355,1,0,0
10/15/23,355,1,0,0
10/16/23,355,1,0,0
10/17/23,355,1,0,0
10/18/23,355,1,0,0
10/19/23,356,1,0,0
10/20/23,356,1,0,0
10/21/23,356,1,0,0
10/22/23,356,1,0,0
10/23/23,356,1,0,0
10/24/23,356,1,0,0
10/25/23,356,1,0,0
10/26/23,357,1,0,0
10/27/23,357,1,0,0
10/28/23,357,1,0,0
10/29/23,357,1,0,0
10/30/23,357,1,0,0
10/31/23,357,1,0,0
11/1/23,357,1,0,0
11/2/23,358,1,0,0
11/3/23,358,1,0,0
11/4/23,358,1,0,0
11/5/23,358,1,0,0
11/6/23,358,1,0,0
11/7/23,358,1,0,0
11/8/23,358,1,0,0
11/9/23,359,1,0,0
11/10/23,359,1,0,0
11/11/23,359,1,0,0
11/12/23,359,1,0,0
11/13/23,359,1,0,0
11/14/23,359,0,0,1
11/15/23,359,0,0,1
11/16/23,360,0,0,1
11/17/23,360,0,0,1
11/18/23,360,0,0,1
11/19/23,360,0,0,1
11/20/23,360,0,0,1
11/21/23,360,0,0,1
11/22/23,360,0,0,1
11/23/23,361,0,0,1
11/24/23,361,0,0,1
11/25/23,361,0,0,1
11/26/23,361,0,0,1
11/27/23,361,0,0,1
11/28/23,361,0,0,1
11/29/23,361,0,0,1
11/30/23,362,0,0,1
12/1/23,362,0,0,1
12/2/23,362,0,0,1
12/3/23,362,0,0,1
12/4/23,362,0,1,0
12/5/23,362,0,1,0
12/6/23,362,0,1,0
12/7/23,363,0,1,0
12/8/23,363,0,1,0
12/9/23,363,0,1,0
12/10/23,363,0,1,0
12/11/23,363,0,1,0
12/12/23,363,0,1,0
12/13/23,363,0,1,0
12/14/23,365,0,1,0
12/15/23,365,0,1,0
12/16/23,365,0,1,0
12/17/23,365,0,1,0
12/18/23,365,0,1,0
12/19/23,365,0,1,0
12/20/23,365,0,1,0
12/21/23,365,0,1,0
12/22/23,365,0,1,0
12/23/23,365,0,1,0
12/24/23,365,0,1,0
12/25/23,365,0,1,0
12/26/23,365,0,1,0
12/27/23,365,0,1,0
12/28/23,366,0,1,0
12/29/23,366,0,1,0
12/30/23,366,0,1,0
12/31/23,366,0,1,0
1/1/24,366,0,1,0
1/2/24,366,0,1,0
1/3/24,366,0,1,0
1/4/24,367,0,1,0
1/5/24,367,0,1,0
1/6/24,367,0,1,0
1/7/24,367,0,1,0
1/8/24,367,0,1,0
1/9/24,367,0,1,0
1/10/24,367,0,1,0
1/11/24,368,0,1,0
1/12/24,368,0,1,0
1/13/24,368,0,1,0
1/14/24,368,0,1,0
1/15/24,368,0,1,0
1/16/24,368,0,1,0
1/17/24,368,0,1,0
1/18/24,369,0,1,0
1/19/24,369,0,1,0
1/20/24,369,1,0,0
1/21/24,369,1,0,0
1/22/24,369,1,0,0
1/23/24,369,1,0,0
1/24/24,369,1,0,0
1/25/24,370,1,0,0
1/26/24,370,1,0,0
1/27/24,370,1,0,0
1/28/24,370,1,0,0
1/29/24,370,1,0,0
1/30/24,370,1,0,0
1/31/24,370,1,0,0
2/1/24,371,1,0,0
2/2/24,371,1,0,0
2/3/24,371,1,0,0
2/4/24,371,1,0,0
2/5/24,371,1,0,0
2/6/24,371,1,0,0
2/7/24,371,1,0,0
2/8/24,372,1,0,0
2/9/24,372,1,0,0
2/10/24,372,1,0,0
2/11/24,372,1,0,0
2/12/24,372,1,0,0
2/13/24,372,1,0,0
2/14/24,372,1,0,0
2/15/24,373,1,0,0
2/16/24,373,1,0,0
2/17/24,373,1,0,0
2/18/24,373,1,0,0
2/19/24,373,1,0,0
2/20/24,373,1,0,0
2/21/24,373,1,0,0
2/22/24,374,1,0,0
2/23/24,374,1,0,0
2/24/24,374,1,0,0
2/25/24,374,1,0,0
2/26/24,374,1,0,0
2/27/24,374,1,0,0
2/28/24,374,1,0,0
2/29/24,375,1,0,0
3/1/24,375,1,0,0
3/2/24,375,1,0,0
3/3/24,375,1,0,0
3/4/24,375,1,0,0
3/5/24,375,1,0,0
3/6/24,375,1,0,0
3/7/24,376,0,1,0
3/8/24,376,0,1,0
3/9/24,376,0,1,0
3/10/24,376,0,1,0
3/11/24,376,0,1,0
3/12/24,376,0,1,0
3/13/24,376,0,1,0
3/14/24,377,0,1,0
3/15/24,377,0,1,0
3/16/24,377,0,1,0
3/17/24,377,0,1,0
3/18/24,377,0,1,0
3/19/24,377,0,1,0
3/20/24,377,0,1,0
3/21/24,378,0,1,0
3/22/24,378,0,1,0
3/23/24,378,0,1,0
3/24/24,378,0,1,0
3/25/24,378,0,1,0
3/26/24,378,1,0,0
3/27/24,378,1,0,0
3/28/24,379,1,0,0
3/29/24,379,1,0,0
3/30/24,379,1,0,0
3/31/24,379,1,0,0
4/1/24,379,1,0,0
4/2/24,379,1,0,0
4/3/24,379,1,0,0
4/4/24,380,1,0,0
4/5/24,380,1,0,0
4/6/24,380,1,0,0
4/7/24,380,1,0,0
4/8/24,380,1,0,0
4/9/24,380,1,0,0
4/10/24,380,1,0,0
4/11/24,381,1,0,0
4/12/24,381,1,0,0
4/13/24,381,1,0,0
4/14/24,381,1,0,0
4/15/24,381,1,0,0
4/16/24,381,1,0,0
4/17/24,381,1,0,0
4/18/24,382,1,0,0
4/19/24,382,1,0,0
4/20/24,382,1,0,0
4/21/24,382,1,0,0
4/22/24,382,1,0,0
4/23/24,382,1,0,0
4/24/24,382,1,0,0
4/25/24,383,1,0,0
4/26/24,383,1,0,0
4/27/24,383,1,0,0
4/28/24,383,1,0,0
4/29/24,383,1,0,0
4/30/24,383,1,0,0
5/1/24,383,1,0,0
5/2/24,384,1,0,0
5/3/24,384,1,0,0
5/4/24,384,1,0,0
5/5/24,384,1,0,0
5/6/24,384,1,0,0
5/7/24,384,1,0,0
5/8/24,384,1,0,0
5/9/24,385,1,0,0
5/10/24,385,1,0,0
5/11/24,385,1,0,0
5/12/24,385,1,0,0
5/13/24,385,1,0,0
5/14/24,385,1,0,0
5/15/24,385,1,0,0
5/16/24,386,0,1,0
5/17/24,386,0,1,0
5/18/24,386,0,1,0
5/19/24,386,0,1,0
5/20/24,386,0,1,0
5/21/24,386,0,1,0
5/22/24,386,0,1,0
5/23/24,387,0,1,0
5/24/24,387,0,1,0
5/25/24,387,0,1,0
5/26/24,387,0,1,0
5/27/24,387,0,1,0
5/28/24,387,1,0,0
5/29/24,387,1,0,0
5/30/24,388,1,0,0
5/31/24,388,1,0,0
6/1/24,388,1,0,0
6/2/24,388,1,0,0
6/3/24,388,1,0,0
6/4/24,388,1,0,0
6/5/24,388,1,0,0
6/6/24,389,1,0,0
6/7/24,389,1,0,0
6/8/24,389,1,0,0
6/9/24,389,1,0,0
6/10/24,389,1,0,0
6/11/24,389,1,0,0
6/12/24,389,1,0,0
6/13/24,390,1,0,0
6/14/24,390,1,0,0
6/15/24,390,1,0,0
6/16/24,390,1,0,0
6/17/24,390,1,0,0
6/18/24,390,1,0,0
6/19/24,390,1,0,0
6/20/24,391,1,0,0
6/21/24,391,1,0,0
6/22/24,391,1,0,0
6/23/24,391,1,0,0
6/24/24,391,1,0,0
6/25/24,391,1,0,0
6/26/24,391,1,0,0
6/27/24,392,1,0,0
6/28/24,392,1,0,0
6/29/24,392,1,0,0
6/30/24,392,1,0,0
7/1/24,392,1,0,0
7/2/24,392,1,0,0
7/3/24,392,1,0,0
7/4/24,393,1,0,0
7/5/24,393,1,0,0
7/6/24,393,1,0,0
7/7/24,393,1,0,0
7/8/24,393,1,0,0
7/9/24,393,1,0,0
7/10/24,393,1,0,0
7/11/24,394,1,0,0
7/12/24,394,1,0,0
7/13/24,394,1,0,0
7/14/24,394,1,0,0
7/15/24,394,1,0,0
7/16/24,394,1,0,0
7/17/24,394,1,0,0
7/18/24,395,1,0,0
7/19/24,395,1,0,0
7/20/24,395,1,0,0
7/21/24,395,1,0,0
7/22/24,395,1,0,0
7/23/24,395,1,0,0
7/24/24,395,1,0,0
7/25/24,396,1,0,0
7/26/24,396,1,0,0
7/27/24,396,1,0,0
7/28/24,396,1,0,0
7/29/24,396,1,0,0
7/30/24,396,1,0,0
7/31/24,396,1,0,0
8/1/24,397,1,0,0
8/2/24,397,1,0,0
8/3/24,397,1,0,0
8/4/24,397,1,0,0
8/5/24,397,1,0,0
8/6/24,397,1,0,0
8/7/24,397,1,0,0
8/8/24,398,1,0,0
8/9/24,398,1,0,0
8/10/24,398,1,0,0
8/11/24,398,1,0,0
8/12/24,398,1,0,0
8/13/24,398,1,0,0
8/14/24,398,1,0,0
8/15/24,399,1,0,0
8/16/24,399,1,0,0
8/17/24,399,1,0,0
8/18/24,399,1,0,0
8/19/24,399,1,0,0
8/20/24,399,1,0,0
8/21/24,399,1,0,0
8/22/24,400,0,1,0
8/23/24,400,0,1,0
8/24/24,400,0,1,0
8/25/24,400,0,1,0
8/26/24,400,0,1,0
8/27/24,400,0,1,0
8/28/24,400,0,1,0
8/29/24,401,0,1,0
8/30/24,401,0,1,0
8/31/24,401,0,1,0
9/1/24,401,0,1,0
9/2/24,401,0,1,0
9/3/24,401,0,0,0
9/4/24,401,0,0,0
9/5/24,402,1,0,0
9/6/24,402,1,0,0
9/7/24,402,1,0,0
9/8/24,402,1,0,0
9/9/24,402,0,0,0
9/10/24,402,0,0,0
9/11/24,402,0,0,0
9/12/24,403,1,0,0
9/13/24,403,1,0,0
9/14/24,403,1,0,0
9/15/24,403,1,0,0
9/16/24,403,1,0,0
9/17/24,403,1,0,0
9/18/24,403,1,0,0
9/19/24,404,1,0,0
9/20/24,404,1,0,0
9/21/24,404,1,0,0
9/22/24,404,1,0,0
9/23/24,404,1,0,0
9/24/24,404,1,0,0
9/25/24,404,1,0,0
9/26/24,405,1,0,0
9/27/24,405,1,0,0
9/28/24,405,1,0,0
9/29/24,405,1,0,0
9/30/24,405,1,0,0
10/1/24,405,1,0,0
10/2/24,405,1,0,0
10/3/24,406,1,0,0
10/4/24,406,1,0,0
10/5/24,406,1,0,0
10/6/24,406,1,0,0
10/7/24,406,1,0,0
10/8/24,406,1,0,0
10/9/24,406,1,0,0
10/10/24,407,1,0,0
10/11/24,407,1,0,0
10/12/24,407,1,0,0
10/13/24,407,1,0,0
10/14/24,407,1,0,0
10/15/24,407,1,0,0
10/16/24,407,1,0,0
10/17/24,408,1,0,0
10/18/24,408,1,0,0
10/19/24,408,1,0,0
10/20/24,408,1,0,0
10/21/24,408,1,0,0
10/22/24,408,1,0,0
10/23/24,408,1,0,0
10/24/24,409,1,0,0
10/25/24,409,1,0,0
10/26/24,409,1,0,0
10/27/24,409,1,0,0
10/28/24,409,1,0,0
10/29/24,409,1,0,0
10/30/24,409,1,0,0
10/31/24,410,1,0,0
11/1/24,410,1,0,0
11/2/24,410,1,0,0
11/3/24,410,1,0,0
11/4/24,410,1,0,0
11/5/24,410,1,0,0
11/6/24,410,1,0,0
11/7/24,411,1,0,0
11/8/24,411,1,0,0
11/9/24,411,1,0,0
11/10/24,411,1,0,0
11/11/24,411,1,0,0
11/12/24,411,0,1,0
11/13/24,411,0,1,0
11/14/24,412,0,1,0
11/15/24,412,0,1,0
11/16/24,412,0,1,0
11/17/24,412,0,1,0
11/18/24,412,0,1,0
11/19/24,412,0,1,0
11/20/24,412,0,1,0
11/21/24,413,0,0,1
11/22/24,413,0,0,1
11/23/24,413,0,0,1
11/24/24,413,0,0,1
11/25/24,413,0,0,1
11/26/24,413,0,0,1
11/27/24,413,0,0,1
11/28/24,414,0,0,1
11/29/24,414,0,0,1
11/30/24,414,0,0,1
12/1/24,414,0,0,1
12/2/24,414,0,0,1
12/3/24,414,0,0,1
12/4/24,414,0,0,1
12/5/24,415,0,0,1
12/6/24,415,0,0,1
12/7/24,415,0,0,1
12/8/24,415,0,0,1
12/9/24,415,1,0,0
12/10/24,415,1,0,0
12/11/24,415,1,0,0
12/12/24,417,1,0,0
12/13/24,417,1,0,0
12/14/24,417,1,0,0
12/15/24,417,1,0,0
12/16/24,417,1,0,0
12/17/24,417,1,0,0
12/18/24,417,1,0,0
12/19/24,417,1,0,0
12/20/24,417,1,0,0
12/21/24,417,1,0,0
12/22/24,417,1,0,0
12/23/24,417,1,0,0
12/24/24,417,1,0,0
12/25/24,417,0,1,0
12/26/24,418,0,1,0
12/27/24,418,0,1,0
12/28/24,418,0,1,0
12/29/24,418,0,1,0
12/30/24,418,0,1,0
12/31/24,418,0,1,0
1/1/25,418,1,0,0
1/2/25,419,1,0,0
1/3/25,419,1,0,0
1/4/25,419,1,0,0
1/5/25,419,1,0,0
1/6/25,419,1,0,0
1/7/25,419,1,0,0
1/8/25,419,1,0,0
1/9/25,420,1,0,0
1/10/25,420,1,0,0
1/11/25,420,1,0,0
1/12/25,420,1,0,0
1/13/25,420,1,0,0
1/14/25,420,1,0,0
1/15/25,420,1,0,0
1/16/25,421,1,0,0
1/17/25,421,1,0,0
1/18/25,421,1,0,0
1/19/25,421,1,0,0
1/20/25,421,1,0,0
1/21/25,421,1,0,0
1/22/25,421,1,0,0
1/23/25,422,1,0,0
1/24/25,422,1,0,0
1/25/25,422,1,0,0
1/26/25,422,1,0,0
1/27/25,422,1,0,0
1/28/25,422,1,0,0
1/29/25,422,1,0,0
1/30/25,423,1,0,0
1/31/25,423,1,0,0
2/1/25,423,1,0,0
2/2/25,423,1,0,0
2/3/25,423,1,0,0
2/4/25,423,1,0,0
2/5/25,423,1,0,0
2/6/25,424,1,0,0
2/7/25,424,1,0,0
2/8/25,424,1,0,0
2/9/25,424,1,0,0
2/10/25,424,1,0,0
2/11/25,424,1,0,0
2/12/25,424,1,0,0
2/13/25,425,1,0,0
2/14/25,425,1,0,0
2/15/25,425,1,0,0
2/16/25,425,1,0,0
2/17/25,425,1,0,0
2/18/25,425,1,0,0
2/19/25,425,1,0,0
2/20/25,426,1,0,0
2/21/25,426,1,0,0
2/22/25,426,1,0,0
2/23/25,426,1,0,0
2/24/25,426,1,0,0
2/25/25,426,1,0,0
2/26/25,426,1,0,0
2/27/25,427,1,0,0
2/28/25,427,1,0,0
3/1/25,427,1,0,0
3/2/25,427,1,0,0
3/3/25,427,1,0,0
3/4/25,427,1,0,0
3/5/25,427,1,0,0
3/6/25,428,1,0,0
3/7/25,428,1,0,0
3/8/25,428,1,0,0
3/9/25,428,1,0,0
3/10/25,428,1,0,0
3/11/25,428,1,0,0
3/12/25,428,1,0,0
3/13/25,429,1,0,0
3/14/25,429,1,0,0
3/15/25,429,1,0,0
3/16/25,429,1,0,0
3/17/25,429,1,0,0
3/18/25,429,0,1,0
3/19/25,429,0,1,0
3/20/25,430,0,1,0
3/21/25,430,0,1,0
3/22/25,430,0,1,0
3/23/25,430,0,1,0
3/24/25,430,0,1,0
3/25/25,430,0,1,0
3/26/25,430,0,1,0
3/27/25,431,0,1,0
3/28/25,431,1,0,0
3/29/25,431,1,0,0
3/30/25,431,1,0,0
3/31/25,431,1,0,0
4/1/25,431,1,0,0
4/2/25,431,1,0,0
4/3/25,432,1,0,0
4/4/25,432,1,0,0
4/5/25,432,1,0,0
4/6/25,432,1,0,0
4/7/25,432,1,0,0
4/8/25,432,1,0,0
4/9/25,432,1,0,0
4/10/25,433,1,0,0
4/11/25,433,1,0,0
4/12/25,433,1,0,0
4/13/25,433,1,0,0
4/14/25,433,1,0,0
4/15/25,433,1,0,0
4/16/25,433,1,0,0
4/17/25,434,1,0,0
4/18/25,434,1,0,0
4/19/25,434,1,0,0
4/20/25,434,1,0,0
4/21/25,434,1,0,0
4/22/25,434,1,0,0
4/23/25,434,1,0,0
4/24/25,435,1,0,0
4/25/25,435,1,0,0
4/26/25,435,1,0,0
4/27/25,435,1,0,0
4/28/25,435,1,0,0
4/29/25,435,1,0,0
4/30/25,435,1,0,0
5/1/25,436,1,0,0
5/2/25,436,1,0,0
5/3/25,436,1,0,0
5/4/25,436,1,0,0
5/5/25,436,1,0,0
5/6/25,436,1,0,0
5/7/25,436,1,0,0
5/8/25,437,1,0,0
5/9/25,437,1,0,0
5/10/25,437,1,0,0
5/11/25,437,1,0,0
5/12/25,437,1,0,0
5/13/25,437,1,0,0
5/14/25,437,1,0,0
5/15/25,438,1,0,0
5/16/25,438,1,0,0
5/17/25,438,0,1,0
5/18/25,438,0,1,0
5/19/25,438,0,1,0
5/20/25,438,0,1,0
5/21/25,438,0,1,0
5/22/25,439,0,1,0
5/23/25,439,0,1,0
5/24/25,439,0,1,0
5/25/25,439,0,1,0
5/26/25,439,0,1,0
5/27/25,439,1,0,0
5/28/25,439,1,0,0
5/29/25,440,1,0,0
5/30/25,440,1,0,0
5/31/25,440,1,0,0
6/1/25,440,1,0,0
6/2/25,440,1,0,0
6/3/25,440,1,0,0
6/4/25,440,1,0,0
6/5/25,441,1,0,0
6/6/25,441,1,0,0
6/7/25,441,1,0,0
6/8/25,441,1,0,0
6/9/25,441,1,0,0
6/10/25,441,1,0,0
6/11/25,441,1,0,0
6/12/25,442,1,0,0
6/13/25,442,1,0,0
6/14/25,442,1,0,0
6/15/25,442,1,0,0
6/16/25,442,1,0,0
6/17/25,442,1,0,0
6/18/25,442,1,0,0
6/19/25,443,1,0,0
6/20/25,443,1,0,0
6/21/25,443,1,0,0
6/22/25,443,1,0,0
6/23/25,443,1,0,0
6/24/25,443,1,0,0
6/25/25,443,1,0,0
6/26/25,444,1,0,0
6/27/25,444,1,0,0
6/28/25,444,1,0,0
6/29/25,444,1,0,0
6/30/25,444,1,0,0
7/1/25,444,0,1,0
7/2/25,444,0,1,0
7/3/25,445,0,1,0
7/4/25,445,0,1,0
7/5/25,445,0,1,0
7/6/25,445,0,1,0
7/7/25,445,1,0,0
7/8/25,445,1,0,0
7/9/25,445,1,0,0
7/10/25,446,1,0,0
7/11/25,446,1,0,0
7/12/25,446,1,0,0
7/13/25,446,1,0,0
7/14/25,446,1,0,0
7/15/25,446,1,0,0
7/16/25,446,1,0,0
7/17/25,447,1,0,0
7/18/25,447,1,0,0
7/19/25,447,1,0,0
7/20/25,447,1,0,0
7/21/25,447,1,0,0
7/22/25,447,1,0,0
7/23/25,447,1,0,0
7/24/25,448,1,0,0
7/25/25,448,1,0,0
7/26/25,448,1,0,0
7/27/25,448,1,0,0
7/28/25,448,1,0,0
7/29/25,448,1,0,0
7/30/25,448,1,0,0
7/31/25,449,1,0,0
8/1/25,449,1,0,0
8/2/25,449,1,0,0
8/3/25,449,1,0,0
8/4/25,449,1,0,0
8/5/25,449,1,0,0
8/6/25,449,1,0,0
8/7/25,450,1,0,0
8/8/25,450,1,0,0
8/9/25,450,1,0,0
8/10/25,450,1,0,0
8/11/25,450,1,0,0
8/12/25,450,1,0,0
8/13/25,450,1,0,0
8/14/25,451,1,0,0
8/15/25,451,1,0,0
8/16/25,451,1,0,0
8/17/25,451,1,0,0
8/18/25,451,1,0,0
8/19/25,451,1,0,0
8/20/25,451,0,1,0
8/21/25,452,0,1,0
8/22/25,452,0,1,0
8/23/25,452,0,1,0
8/24/25,452,0,1,0
8/25/25,452,0,1,0
8/26/25,452,0,1,0
8/27/25,452,0,1,0
8/28/25,453,0,1,0
8/29/25,453,0,1,0
8/30/25,453,0,1,0
8/31/25,453,0,1,0
9/1/25,453,0,1,0
9/2/25,453,1,0,0
9/3/25,453,1,0,0
9/4/25,454,1,0,0
9/5/25,454,1,0,0
9/6/25,454,1,0,0
9/7/25,454,1,0,0
9/8/25,454,1,0,0
9/9/25,454,1,0,0
9/10/25,454,1,0,0
9/11/25,455,1,0,0
9/12/25,455,1,0,0
9/13/25,455,1,0,0
9/14/25,455,1,0,0
9/15/25,455,1,0,0
9/16/25,455,1,0,0
9/17/25,455,1,0,0
9/18/25,456,1,0,0
9/19/25,456,1,0,0
9/20/25,456,1,0,0
9/21/25,456,1,0,0
9/22/25,456,1,0,0
9/23/25,456,1,0,0
9/24/25,456,1,0,0
9/25/25,457,1,0,0
9/26/25,457,1,0,0
9/27/25,457,1,0,0
9/28/25,457,1,0,0
9/29/25,457,1,0,0
9/30/25,457,1,0,0
10/1/25,457,1,0,0
10/2/25,458,1,0,0
10/3/25,458,1,0,0
10/4/25,458,1,0,0
10/5/25,458,1,0,0
10/6/25,458,1,0,0
10/7/25,458,1,0,0
10/8/25,458,1,0,0
10/9/25,459,1,0,0
10/10/25,459,1,0,0
10/11/25,459,1,0,0
10/12/25,459,1,0,0
10/13/25,459,1,0,0
10/14/25,459,1,0,0
10/15/25,459,1,0,0
10/16/25,460,1,0,0
10/17/25,460,1,0,0
10/18/25,460,1,0,0
10/19/25,460,1,0,0
10/20/25,460,1,0,0
10/21/25,460,1,0,0
10/22/25,460,1,0,0
10/23/25,461,1,0,0
10/24/25,461,1,0,0
10/25/25,461,1,0,0
10/26/25,461,1,0,0
10/27/25,461,1,0,0
10/28/25,461,1,0,0
10/29/25,461,1,0,0
10/30/25,462,1,0,0
10/31/25,462,1,0,0
11/1/25,462,1,0,0
11/2/25,462,1,0,0
11/3/25,462,1,0,0
11/4/25,462,1,0,0
11/5/25,462,1,0,0
11/6/25,463,1,0,0
11/7/25,463,1,0,0
11/8/25,463,1,0,0
11/9/25,463,1,0,0
11/10/25,463,1,0,0
11/11/25,463,1,0,0
11/12/25,463,1,0,0
11/13/25,464,1,0,0
11/14/25,464,1,0,0
11/15/25,464,1,0,0
11/16/25,464,1,0,0
11/17/25,464,1,0,0
11/18/25,464,1,0,0
11/19/25,464,1,0,0
11/20/25,465,0,0,1
11/21/25,465,0,0,1
11/22/25,465,0,0,1
11/23/25,465,0,0,1
11/24/25,465,0,0,1
11/25/25,465,0,0,1
11/26/25,465,0,0,1
11/27/25,466,0,0,1
11/28/25,466,0,0,1
11/29/25,466,0,0,1
11/30/25,466,0,0,1
12/1/25,466,0,0,1
12/2/25,466,0,0,1
12/3/25,466,0,0,1
12/4/25,467,0,0,1
12/5/25,467,0,0,1
12/6/25,467,0,0,1
12/7/25,467,0,0,1
12/8/25,467,1,0,0
12/9/25,467,1,0,0
12/10/25,467,1,0,0
12/11/25,468,1,0,0
12/12/25,468,1,0,0
12/13/25,468,1,0,0
12/14/25,468,1,0,0
12/15/25,468,1,0,0
12/16/25,468,1,0,0
12/17/25,468,1,0,0
12/18/25,470,1,0,0
12/19/25,470,1,0,0
12/20/25,470,1,0,0
12/21/25,470,1,0,0
12/22/25,470,1,0,0
12/23/25,470,1,0,0
12/24/25,470,1,0,0
12/25/25,470,0,1,0
12/26/25,470,0,1,0
12/27/25,470,0,1,0
12/28/25,470,0,1,0
12/29/25,470,0,1,0
12/30/25,470,0,1,0
12/31/25,470,0,1,0
1/1/26,471,1,0,0
1/2/26,471,1,0,0
1/3/26,471,1,0,0
1/4/26,471,1,0,0
1/5/26,471,1,0,0
1/6/26,471,1,0,0
1/7/26,471,1,0,0
1/8/26,472,1,0,0
1/9/26,472,1,0,0
1/10/26,472,1,0,0
1/11/26,472,1,0,0
1/12/26,472,1,0,0
1/13/26,472,1,0,0
1/14/26,472,1,0,0
1/15/26,473,1,0,0
1/16/26,473,1,0,0
1/17/26,473,1,0,0
1/18/26,473,1,0,0
1/19/26,473,1,0,0
1/20/26,473,1,0,0
1/21/26,473,1,0,0
1/22/26,474,1,0,0
1/23/26,474,1,0,0
1/24/26,474,1,0,0
1/25/26,474,1,0,0
1/26/26,474,1,0,0
1/27/26,474,1,0,0
1/28/26,474,1,0,0
1/29/26,475,1,0,0
1/30/26,475,1,0,0
1/31/26,475,1,0,0
2/1/26,475,1,0,0
2/2/26,475,1,0,0
2/3/26,475,1,0,0
2/4/26,475,1,0,0
2/5/26,476,1,0,0
2/6/26,476,1,0,0
2/7/26,476,1,0,0
2/8/26,476,1,0,0
2/9/26,476,1,0,0
2/10/26,476,1,0,0
2/11/26,476,1,0,0
2/12/26,477,1,0,0
2/13/26,477,1,0,0
2/14/26,477,1,0,0
2/15/26,477,1,0,0
2/16/26,477,1,0,0
2/17/26,477,1,0,0
2/18/26,477,1,0,0
2/19/26,478,1,0,0
2/20/26,478,1,0,0
2/21/26,478,1,0,0
2/22/26,478,1,0,0
2/23/26,478,1,0,0
2/24/26,478,1,0,0
2/25/26,478,1,0,0
2/26/26,479,1,0,0
2/27/26,479,1,0,0
2/28/26,479,1,0,0
3/1/26,479,1,0,0
3/2/26,479,1,0,0
3/3/26,479,1,0,0
3/4/26,479,1,0,0
3/5/26,480,1,0,0
3/6/26,480,1,0,0
3/7/26,480,1,0,0
3/8/26,480,1,0,0
3/9/26,480,1,0,0
3/10/26,480,1,0,0
3/11/26,480,1,0,0
3/12/26,481,1,0,0
3/13/26,481,1,0,0
3/14/26,481,1,0,0
3/15/26,481,1,0,0
3/16/26,481,1,0,0
3/17/26,481,1,0,0
3/18/26,481,0,1,0
3/19/26,482,0,1,0
3/20/26,482,0,1,0
3/21/26,482,0,1,0
3/22/26,482,0,1,0
3/23/26,482,0,1,0
3/24/26,482,0,1,0
3/25/26,482,0,1,0
3/26/26,483,0,1,0
3/27/26,483,0,1,0
3/28/26,483,1,0,0
3/29/26,483,1,0,0
3/30/26,483,1,0,0
3/31/26,483,1,0,0
4/1/26,483,1,0,0
4/2/26,484,1,0,0
4/3/26,484,1,0,0
4/4/26,484,1,0,0
4/5/26,484,1,0,0
4/6/26,484,1,0,0
4/7/26,484,1,0,0
4/8/26,484,1,0,0
4/9/26,485,1,0,0
4/10/26,485,1,0,0
4/11/26,485,1,0,0
4/12/26,485,1,0,0
4/13/26,485,1,0,0
4/14/26,485,1,0,0
4/15/26,485,1,0,0
4/16/26,486,1,0,0
4/17/26,486,1,0,0
4/18/26,486,1,0,0
4/19/26,486,1,0,0
4/20/26,486,1,0,0
4/21/26,486,1,0,0
4/22/26,486,1,0,0
4/23/26,487,1,0,0
4/24/26,487,1,0,0
4/25/26,487,1,0,0
4/26/26,487,1,0,0
4/27/26,487,1,0,0
4/28/26,487,1,0,0
4/29/26,487,1,0,0
4/30/26,488,1,0,0
5/1/26,488,1,0,0
5/2/26,488,1,0,0
5/3/26,488,1,0,0
5/4/26,488,1,0,0
5/5/26,488,1,0,0
5/6/26,488,1,0,0
5/7/26,489,1,0,0
5/8/26,489,1,0,0
5/9/26,489,1,0,0
5/10/26,489,1,0,0
5/11/26,489,1,0,0
5/12/26,489,1,0,0
5/13/26,489,1,0,0
5/14/26,490,1,0,0
5/15/26,490,1,0,0
5/16/26,490,0,1,0
5/17/26,490,0,1,0
5/18/26,490,0,1,0
5/19/26,490,0,1,0
5/20/26,490,0,1,0
5/21/26,491,0,1,0
5/22/26,491,0,1,0
5/23/26,491,0,1,0
5/24/26,491,0,1,0
5/25/26,491,0,1,0
5/26/26,491,1,0,0
5/27/26,491,1,0,0
5/28/26,492,1,0,0
5/29/26,492,1,0,0
5/30/26,492,1,0,0
5/31/26,492,1,0,0
6/1/26,492,1,0,0
6/2/26,492,1,0,0
6/3/26,492,1,0,0
6/4/26,493,1,0,0
6/5/26,493,1,0,0
6/6/26,493,1,0,0
6/7/26,493,1,0,0
6/8/26,493,1,0,0
6/9/26,493,1,0,0
6/10/26,493,1,0,0
6/11/26,494,1,0,0
6/12/26,494,1,0,0
6/13/26,494,1,0,0
6/14/26,494,1,0,0
6/15/26,494,1,0,0
6/16/26,494,1,0,0
6/17/26,494,1,0,0
6/18/26,495,1,0,0
6/19/26,495,1,0,0
6/20/26,495,1,0,0
6/21/26,495,1,0,0
6/22/26,495,1,0,0
6/23/26,495,1,0,0
6/24/26,495,1,0,0
6/25/26,496,1,0,0
6/26/26,496,1,0,0
6/27/26,496,1,0,0
6/28/26,496,1,0,0
6/29/26,496,1,0,0
6/30/26,496,1,0,0
7/1/26,496,0,1,0
7/2/26,497,0,1,0
7/3/26,497,0,1,0
7/4/26,497,0,1,0
7/5/26,497,0,1,0
7/6/26,497,0,1,0
7/7/26,497,1,0,0
7/8/26,497,1,0,0
7/9/26,498,1,0,0
7/10/26,498,1,0,0
7/11/26,498,1,0,0
7/12/26,498,1,0,0
7/13/26,498,1,0,0
7/14/26,498,1,0,0
7/15/26,498,1,0,0
7/16/26,499,1,0,0
7/17/26,499,1,0,0
7/18/26,499,1,0,0
7/19/26,499,1,0,0
7/20/26,499,1,0,0
7/21/26,499,1,0,0
7/22/26,499,1,0,0
7/23/26,500,1,0,0
7/24/26,500,1,0,0
7/25/26,500,1,0,0
7/26/26,500,1,0,0
7/27/26,500,1,0,0
7/28/26,500,1,0,0
7/29/26,500,1,0,0
7/30/26,501,1,0,0
7/31/26,501,1,0,0
8/1/26,501,1,0,0
8/2/26,501,1,0,0
8/3/26,501,1,0,0
8/4/26,501,1,0,0
8/5/26,501,1,0,0
8/6/26,502,1,0,0
8/7/26,502,1,0,0
8/8/26,502,1,0,0
8/9/26,502,1,0,0
8/10/26,502,1,0,0
8/11/26,502,1,0,0
8/12/26,502,1,0,0
8/13/26,503,1,0,0
8/14/26,503,1,0,0
8/15/26,503,1,0,0
8/16/26,503,1,0,0
8/17/26,503,1,0,0
8/18/26,503,1,0,0
8/19/26,503,1,0,0
8/20/26,504,1,0,0
8/21/26,504,1,0,0
8/22/26,504,1,0,0
8/23/26,504,1,0,0
8/24/26,504,1,0,0
8/25/26,504,1,0,0
8/26/26,504,0,1,0
8/27/26,505,0,1,0
8/28/26,505,0,1,0
8/29/26,505,0,1,0
8/30/26,505,0,1,0
8/31/26,505,0,1,0
9/1/26,505,0,1,0
9/2/26,505,0,1,0
9/3/26,506,0,1,0
9/4/26,506,0,1,0
9/5/26,506,0,1,0
9/6/26,506,0,1,0
9/7/26,506,0,1,0
9/8/26,506,1,0,0
9/9/26,506,1,0,0
9/10/26,507,1,0,0
9/11/26,507,1,0,0
9/12/26,507,1,0,0
9/13/26,507,1,0,0
9/14/26,507,1,0,0
9/15/26,507,1,0,0
9/16/26,507,1,0,0
9/17/26,508,1,0,0
9/18/26,508,1,0,0
9/19/26,508,1,0,0
9/20/26,508,1,0,0
9/21/26,508,1,0,0
9/22/26,508,1,0,0
9/23/26,508,1,0,0
9/24/26,509,1,0,0
9/25/26,509,1,0,0
9/26/26,509,1,0,0
9/27/26,509,1,0,0
9/28/26,509,1,0,0
9/29/26,509,1,0,0
9/30/26,509,1,0,0
10/1/26,510,1,0,0
10/2/26,510,1,0,0
10/3/26,510,1,0,0
10/4/26,510,1,0,0
10/5/26,510,1,0,0
10/6/26,510,1,0,0
10/7/26,510,1,0,0
10/8/26,511,1,0,0
10/9/26,511,1,0,0
10/10/26,511,1,0,0
10/11/26,511,1,0,0
10/12/26,511,1,0,0
10/13/26,511,1,0,0
10/14/26,511,1,0,0
10/15/26,512,1,0,0
10/16/26,512,1,0,0
10/17/26,512,1,0,0
10/18/26,512,1,0,0
10/19/26,512,1,0,0
10/20/26,512,1,0,0
10/21/26,512,1,0,0
10/22/26,513,1,0,0
10/23/26,513,1,0,0
10/24/26,513,1,0,0
10/25/26,513,1,0,0
10/26/26,513,1,0,0
10/27/26,513,1,0,0
10/28/26,513,1,0,0
10/29/26,514,1,0,0
10/30/26,514,1,0,0
10/31/26,514,1,0,0
11/1/26,514,1,0,0
11/2/26,514,1,0,0
11/3/26,514,1,0,0
11/4/26,514,1,0,0
11/5/26,515,1,0,0
11/6/26,515,1,0,0
11/7/26,515,1,0,0
11/8/26,515,1,0,0
11/9/26,515,1,0,0
11/10/26,515,1,0,0
11/11/26,515,1,0,0
11/12/26,516,1,0,0
11/13/26,516,1,0,0
11/14/26,516,1,0,0
11/15/26,516,1,0,0
11/16/26,516,1,0,0
11/17/26,516,1,0,0
11/18/26,516,1,0,0
11/19/26,517,0,0,1
11/20/26,517,0,0,1
11/21/26,517,0,0,1
11/22/26,517,0,0,1
11/23/26,517,0,0,1
11/24/26,517,0,0,1
11/25/26,517,0,0,1
11/26/26,518,0,0,1
11/27/26,518,0,0,1
11/28/26,518,0,0,1
11/29/26,518,0,0,1
11/30/26,518,0,0,1
12/1/26,518,0,0,1
12/2/26,518,0,0,1
12/3/26,519,0,0,1
12/4/26,519,0,0,1
12/5/26,519,0,0,1
12/6/26,519,0,0,1
12/7/26,519,1,0,0
12/8/26,519,1,0,0
12/9/26,519,1,0,0
12/10/26,520,1,0,0
12/11/26,520,1,0,0
12/12/26,520,1,0,0
12/13/26,520,1,0,0
12/14/26,520,1,0,0
12/15/26,520,1,0,0
12/16/26,520,1,0,0
12/17/26,522,1,0,0
12/18/26,522,1,0,0
12/19/26,522,1,0,0
12/20/26,522,1,0,0
12/21/26,522,1,0,0
12/22/26,522,1,0,0
12/23/26,522,1,0,0
12/24/26,522,1,0,0
12/25/26,522,0,1,0
12/26/26,522,0,1,0
12/27/26,522,0,1,0
12/28/26,522,0,1,0
12/29/26,522,0,1,0
12/30/26,522,0,1,0
12/31/26,523,0,1,0
1/1/27,523,1,0,0
1/2/27,523,1,0,0
1/3/27,523,1,0,0
1/4/27,523,1,0,0
1/5/27,523,1,0,0
1/6/27,523,1,0,0
1/7/27,524,1,0,0
1/8/27,524,1,0,0
1/9/27,524,1,0,0
1/10/27,524,1,0,0
1/11/27,524,1,0,0
1/12/27,524,1,0,0
1/13/27,524,1,0,0
1/14/27,525,1,0,0
1/15/27,525,1,0,0
1/16/27,525,1,0,0
1/17/27,525,1,0,0
1/18/27,525,1,0,0
1/19/27,525,1,0,0
1/20/27,525,1,0,0
1/21/27,526,1,0,0
1/22/27,526,1,0,0
1/23/27,526,1,0,0
1/24/27,526,1,0,0
1/25/27,526,1,0,0
1/26/27,526,1,0,0
1/27/27,526,1,0,0
1/28/27,527,1,0,0
1/29/27,527,1,0,0
1/30/27,527,1,0,0
1/31/27,527,1,0,0
2/1/27,527,1,0,0
2/2/27,527,1,0,0
2/3/27,527,1,0,0
2/4/27,528,1,0,0
2/5/27,528,1,0,0
2/6/27,528,1,0,0
2/7/27,528,1,0,0
2/8/27,528,1,0,0
2/9/27,528,1,0,0
2/10/27,528,1,0,0
2/11/27,529,1,0,0
2/12/27,529,1,0,0
2/13/27,529,1,0,0
2/14/27,529,1,0,0
2/15/27,529,1,0,0
2/16/27,529,1,0,0
2/17/27,529,1,0,0
2/18/27,530,1,0,0
2/19/27,530,1,0,0
2/20/27,530,1,0,0
2/21/27,530,1,0,0
2/22/27,530,1,0,0
2/23/27,530,1,0,0
2/24/27,530,1,0,0
2/25/27,531,1,0,0
2/26/27,531,1,0,0
2/27/27,531,1,0,0
2/28/27,531,1,0,0
3/1/27,531,1,0,0
3/2/27,531,1,0,0
3/3/27,531,1,0,0
3/4/27,532,1,0,0
3/5/27,532,1,0,0
3/6/27,532,1,0,0
3/7/27,532,1,0,0
3/8/27,532,1,0,0
3/9/27,532,1,0,0
3/10/27,532,1,0,0
3/11/27,533,1,0,0
3/12/27,533,1,0,0
3/13/27,533,1,0,0
3/14/27,533,1,0,0
3/15/27,533,1,0,0
3/16/27,533,1,0,0
3/17/27,533,1,0,0
3/18/27,534,0,1,0
3/19/27,534,0,1,0
3/20/27,534,0,1,0
3/21/27,534,0,1,0
3/22/27,534,0,1,0
3/23/27,534,0,1,0
3/24/27,534,0,1,0
3/25/27,535,0,1,0
3/26/27,535,0,1,0
3/27/27,535,0,1,0
3/28/27,535,1,0,0
3/29/27,535,1,0,0
3/30/27,535,1,0,0
3/31/27,535,1,0,0
4/1/27,536,1,0,0
4/2/27,536,1,0,0
4/3/27,536,1,0,0
4/4/27,536,1,0,0
4/5/27,536,1,0,0
4/6/27,536,1,0,0
4/7/27,536,1,0,0
4/8/27,537,1,0,0
4/9/27,537,1,0,0
4/10/27,537,1,0,0
4/11/27,537,1,0,0
4/12/27,537,1,0,0
4/13/27,537,1,0,0
4/14/27,537,1,0,0
4/15/27,538,1,0,0
4/16/27,538,1,0,0
4/17/27,538,1,0,0
4/18/27,538,1,0,0
4/19/27,538,1,0,0
4/20/27,538,1,0,0
4/21/27,538,1,0,0
4/22/27,539,1,0,0
4/23/27,539,1,0,0
4/24/27,539,1,0,0
4/25/27,539,1,0,0
4/26/27,539,1,0,0
4/27/27,539,1,0,0
4/28/27,539,1,0,0
4/29/27,540,1,0,0
4/30/27,540,1,0,0
5/1/27,540,1,0,0
5/2/27,540,1,0,0
5/3/27,540,1,0,0
5/4/27,540,1,0,0
5/5/27,540,1,0,0
5/6/27,541,1,0,0
5/7/27,541,1,0,0
5/8/27,541,1,0,0
5/9/27,541,1,0,0
5/10/27,541,1,0,0
5/11/27,541,1,0,0
5/12/27,541,1,0,0
5/13/27,542,1,0,0
5/14/27,542,1,0,0
5/15/27,542,1,0,0
5/16/27,542,1,0,0
5/17/27,542,1,0,0
5/18/27,542,1,0,0
5/19/27,542,1,0,0
5/20/27,543,1,0,0
5/21/27,543,1,0,0
5/22/27,543,0,1,0
5/23/27,543,0,1,0
5/24/27,543,0,1,0
5/25/27,543,0,1,0
5/26/27,543,0,1,0
5/27/27,544,0,1,0
5/28/27,544,0,1,0
5/29/27,544,0,1,0
5/30/27,544,0,1,0
5/31/27,544,0,1,0
6/1/27,544,1,0,0
6/2/27,544,1,0,0
6/3/27,545,1,0,0
6/4/27,545,1,0,0
6/5/27,545,1,0,0
6/6/27,545,1,0,0
6/7/27,545,1,0,0
6/8/27,545,1,0,0
6/9/27,545,1,0,0
6/10/27,546,1,0,0
6/11/27,546,1,0,0
6/12/27,546,1,0,0
6/13/27,546,1,0,0
6/14/27,546,1,0,0
6/15/27,546,1,0,0
6/16/27,546,1,0,0
6/17/27,547,1,0,0
6/18/27,547,1,0,0
6/19/27,547,1,0,0
6/20/27,547,1,0,0
6/21/27,547,1,0,0
6/22/27,547,1,0,0
6/23/27,547,1,0,0
6/24/27,548,1,0,0
6/25/27,548,1,0,0
6/26/27,548,1,0,0
6/27/27,548,1,0,0
6/28/27,548,1,0,0
6/29/27,548,1,0,0
6/30/27,548,1,0,0
7/1/27,549,0,1,0
7/2/27,549,0,1,0
7/3/27,549,0,1,0
7/4/27,549,0,1,0
7/5/27,549,0,1,0
7/6/27,549,0,1,0
7/7/27,549,1,0,0
7/8/27,550,1,0,0
7/9/27,550,1,0,0
7/10/27,550,1,0,0
7/11/27,550,1,0,0
7/12/27,550,1,0,0
7/13/27,550,1,0,0
7/14/27,550,1,0,0
7/15/27,551,1,0,0
7/16/27,551,1,0,0
7/17/27,551,1,0,0
7/18/27,551,1,0,0
7/19/27,551,1,0,0
7/20/27,551,1,0,0
7/21/27,551,1,0,0
7/22/27,552,1,0,0
7/23/27,552,1,0,0
7/24/27,552,1,0,0
7/25/27,552,1,0,0
7/26/27,552,1,0,0
7/27/27,552,1,0,0
7/28/27,552,1,0,0
7/29/27,553,1,0,0
7/30/27,553,1,0,0
7/31/27,553,1,0,0
8/1/27,553,1,0,0
8/2/27,553,1,0,0
8/3/27,553,1,0,0
8/4/27,553,1,0,0
8/5/27,554,1,0,0
8/6/27,554,1,0,0
8/7/27,554,1,0,0
8/8/27,554,1,0,0
8/9/27,554,1,0,0
8/10/27,554,1,0,0
8/11/27,554,1,0,0
8/12/27,555,1,0,0
8/13/27,555,1,0,0
8/14/27,555,1,0,0
8/15/27,555,1,0,0
8/16/27,555,1,0,0
8/17/27,555,1,0,0
8/18/27,555,1,0,0
8/19/27,556,1,0,0
8/20/27,556,1,0,0
8/21/27,556,1,0,0
8/22/27,556,1,0,0
8/23/27,556,1,0,0
8/24/27,556,1,0,0
8/25/27,556,1,0,0
8/26/27,557,1,0,0
8/27/27,557,0,1,0
8/28/27,557,0,1,0
8/29/27,557,0,1,0
8/30/27,557,0,1,0
8/31/27,557,0,1,0
9/1/27,557,0,1,0
9/2/27,558,0,1,0
9/3/27,558,0,1,0
9/4/27,558,0,1,0
9/5/27,558,0,1,0
9/6/27,558,0,1,0
9/7/27,558,1,0,0
9/8/27,558,1,0,0
9/9/27,559,1,0,0
9/10/27,559,1,0,0
9/11/27,559,1,0,0
9/12/27,559,1,0,0
9/13/27,559,1,0,0
9/14/27,559,1,0,0
9/15/27,559,1,0,0
9/16/27,560,1,0,0
9/17/27,560,1,0,0
9/18/27,560,1,0,0
9/19/27,560,1,0,0
9/20/27,560,1,0,0
9/21/27,560,1,0,0
9/22/27,560,1,0,0
9/23/27,561,1,0,0
9/24/27,561,1,0,0
9/25/27,561,1,0,0
9/26/27,561,1,0,0
9/27/27,561,1,0,0
9/28/27,561,1,0,0
9/29/27,561,1,0,0
9/30/27,562,1,0,0
10/1/27,562,1,0,0
10/2/27,562,1,0,0
10/3/27,562,1,0,0
10/4/27,562,1,0,0
10/5/27,562,1,0,0
10/6/27,562,1,0,0
10/7/27,563,1,0,0
10/8/27,563,1,0,0
10/9/27,563,1,0,0
10/10/27,563,1,0,0
10/11/27,563,1,0,0
10/12/27,563,1,0,0
10/13/27,563,1,0,0
10/14/27,564,1,0,0
10/15/27,564,1,0,0
10/16/27,564,1,0,0
10/17/27,564,1,0,0
10/18/27,564,1,0,0
10/19/27,564,1,0,0
10/20/27,564,1,0,0
10/21/27,565,1,0,0
10/22/27,565,1,0,0
10/23/27,565,1,0,0
10/24/27,565,1,0,0
10/25/27,565,1,0,0
10/26/27,565,1,0,0
10/27/27,565,1,0,0
10/28/27,566,1,0,0
10/29/27,566,1,0,0
10/30/27,566,1,0,0
10/31/27,566,1,0,0
11/1/27,566,1,0,0
11/2/27,566,1,0,0
11/3/27,566,1,0,0
11/4/27,567,1,0,0
11/5/27,567,1,0,0
11/6/27,567,1,0,0
11/7/27,567,1,0,0
11/8/27,567,1,0,0
11/9/27,567,1,0,0
11/10/27,567,1,0,0
11/11/27,568,1,0,0
11/12/27,568,1,0,0
11/13/27,568,1,0,0
11/14/27,568,1,0,0
11/15/27,568,1,0,0
11/16/27,568,1,0,0
11/17/27,568,1,0,0
11/18/27,569,0,0,1
11/19/27,569,0,0,1
11/20/27,569,0,0,1
11/21/27,569,0,0,1
11/22/27,569,0,0,1
11/23/27,569,0,0,1
11/24/27,569,0,0,1
11/25/27,570,0,0,1
11/26/27,570,0,0,1
11/27/27,570,0,0,1
11/28/27,570,0,0,1
11/29/27,570,0,0,1
11/30/27,570,0,0,1
12/1/27,570,0,0,1
12/2/27,571,0,0,1
12/3/27,571,0,0,1
12/4/27,571,0,0,1
12/5/27,571,0,0,1
12/6/27,571,1,0,0
12/7/27,571,1,0,0
12/8/27,571,1,0,0
12/9/27,572,1,0,0
12/10/27,572,1,0,0
12/11/27,572,1,0,0
12/12/27,572,1,0,0
12/13/27,572,1,0,0
12/14/27,572,1,0,0
12/15/27,572,1,0,0
12/16/27,574,1,0,0
12/17/27,574,1,0,0
12/18/27,574,1,0,0
12/19/27,574,1,0,0
12/20/27,574,1,0,0
12/21/27,574,1,0,0
12/22/27,574,1,0,0
12/23/27,574,1,0,0
12/24/27,574,1,0,0
12/25/27,574,0,1,0
12/26/27,574,0,1,0
12/27/27,574,0,1,0
12/28/27,574,0,1,0
12/29/27,574,0,1,0
12/30/27,575,0,1,0
12/31/27,575,0,1,0
1/1/28,575,1,0,0
1/2/28,575,1,0,0
1/3/28,575,1,0,0
1/4/28,575,1,0,0
1/5/28,575,1,0,0
1/6/28,576,1,0,0
1/7/28,576,1,0,0
1/8/28,576,1,0,0
1/9/28,576,1,0,0
1/10/28,576,1,0,0
1/11/28,576,1,0,0
1/12/28,576,1,0,0
1/13/28,577,1,0,0
1/14/28,577,1,0,0
1/15/28,577,1,0,0
1/16/28,577,1,0,0
1/17/28,577,1,0,0
1/18/28,577,1,0,0
1/19/28,577,1,0,0
1/20/28,578,1,0,0
1/21/28,578,1,0,0
1/22/28,578,1,0,0
1/23/28,578,1,0,0
1/24/28,578,1,0,0
1/25/28,578,1,0,0
1/26/28,578,1,0,0
1/27/28,579,1,0,0
1/28/28,579,1,0,0
1/29/28,579,1,0,0
1/30/28,579,1,0,0
1/31/28,579,1,0,0
2/1/28,579,1,0,0
2/2/28,579,1,0,0
2/3/28,580,1,0,0
2/4/28,580,1,0,0
2/5/28,580,1,0,0
2/6/28,580,1,0,0
2/7/28,580,1,0,0
2/8/28,580,1,0,0
2/9/28,580,1,0,0
2/10/28,581,1,0,0
2/11/28,581,1,0,0
2/12/28,581,1,0,0
2/13/28,581,1,0,0
2/14/28,581,1,0,0
2/15/28,581,1,0,0
2/16/28,581,1,0,0
2/17/28,582,1,0,0
2/18/28,582,1,0,0
2/19/28,582,1,0,0
2/20/28,582,1,0,0
2/21/28,582,1,0,0
2/22/28,582,1,0,0
2/23/28,582,1,0,0
2/24/28,583,1,0,0
2/25/28,583,1,0,0
2/26/28,583,1,0,0
2/27/28,583,1,0,0
2/28/28,583,1,0,0
2/29/28,583,1,0,0
3/1/28,583,1,0,0
3/2/28,584,1,0,0
3/3/28,584,1,0,0
3/4/28,584,1,0,0
3/5/28,584,1,0,0
3/6/28,584,1,0,0
3/7/28,584,1,0,0
3/8/28,584,1,0,0
3/9/28,585,1,0,0
3/10/28,585,1,0,0
3/11/28,585,1,0,0
3/12/28,585,1,0,0
3/13/28,585,1,0,0
3/14/28,585,1,0,0
3/15/28,585,1,0,0
3/16/28,586,1,0,0
3/17/28,586,1,0,0
3/18/28,586,0,1,0
3/19/28,586,0,1,0
3/20/28,586,0,1,0
3/21/28,586,0,1,0
3/22/28,586,0,1,0
3/23/28,587,0,1,0
3/24/28,587,0,1,0
3/25/28,587,0,1,0
3/26/28,587,0,1,0
3/27/28,587,0,1,0
3/28/28,587,1,0,0
3/29/28,587,1,0,0
3/30/28,588,1,0,0
3/31/28,588,1,0,0
4/1/28,588,1,0,0
4/2/28,588,1,0,0
4/3/28,588,1,0,0
4/4/28,588,1,0,0
4/5/28,588,1,0,0
4/6/28,589,1,0,0
4/7/28,589,1,0,0
4/8/28,589,1,0,0
4/9/28,589,1,0,0
4/10/28,589,1,0,0
4/11/28,589,1,0,0
4/12/28,589,1,0,0
4/13/28,590,1,0,0
4/14/28,590,1,0,0
4/15/28,590,1,0,0
4/16/28,590,1,0,0
4/17/28,590,1,0,0
4/18/28,590,1,0,0
4/19/28,590,1,0,0
4/20/28,591,1,0,0
4/21/28,591,1,0,0
4/22/28,591,1,0,0
4/23/28,591,1,0,0
4/24/28,591,1,0,0
4/25/28,591,1,0,0
4/26/28,591,1,0,0
4/27/28,592,1,0,0
4/28/28,592,1,0,0
4/29/28,592,1,0,0
4/30/28,592,1,0,0
5/1/28,592,1,0,0
5/2/28,592,1,0,0
5/3/28,592,1,0,0
5/4/28,593,1,0,0
5/5/28,593,1,0,0
5/6/28,593,1,0,0
5/7/28,593,1,0,0
5/8/28,593,1,0,0
5/9/28,593,1,0,0
5/10/28,593,1,0,0
5/11/28,594,1,0,0
5/12/28,594,1,0,0
5/13/28,594,1,0,0
5/14/28,594,1,0,0
5/15/28,594,1,0,0
5/16/28,594,1,0,0
5/17/28,594,1,0,0
5/18/28,595,1,0,0
5/19/28,595,1,0,0
5/20/28,595,1,0,0
5/21/28,595,1,0,0
5/22/28,595,0,1,0
5/23/28,595,0,1,0
5/24/28,595,0,1,0
5/25/28,596,0,1,0
5/26/28,596,0,1,0
5/27/28,596,0,1,0
5/28/28,596,0,1,0
5/29/28,596,0,1,0
5/30/28,596,0,1,0
5/31/28,596,0,1,0
6/1/28,597,1,0,0
6/2/28,597,1,0,0
6/3/28,597,1,0,0
6/4/28,597,1,0,0
6/5/28,597,1,0,0
6/6/28,597,1,0,0
6/7/28,597,1,0,0
6/8/28,598,1,0,0
6/9/28,598,1,0,0
6/10/28,598,1,0,0
6/11/28,598,1,0,0
6/12/28,598,1,0,0
6/13/28,598,1,0,0
6/14/28,598,1,0,0
6/15/28,599,1,0,0
6/16/28,599,1,0,0
6/17/28,599,1,0,0
6/18/28,599,1,0,0
6/19/28,599,1,0,0
6/20/28,599,1,0,0
6/21/28,599,1,0,0
6/22/28,600,1,0,0
6/23/28,600,1,0,0
6/24/28,600,1,0,0
6/25/28,600,1,0,0
6/26/28,600,1,0,0
6/27/28,600,1,0,0
6/28/28,600,1,0,0
6/29/28,601,1,0,0
6/30/28,601,1,0,0
7/1/28,601,0,1,0
7/2/28,601,0,1,0
7/3/28,601,0,1,0
7/4/28,601,0,1,0
7/5/28,601,0,1,0
7/6/28,602,0,1,0
7/7/28,602,1,0,0
7/8/28,602,1,0,0
7/9/28,602,1,0,0
7/10/28,602,1,0,0
7/11/28,602,1,0,0
7/12/28,602,1,0,0
7/13/28,603,1,0,0
7/14/28,603,1,0,0
7/15/28,603,1,0,0
7/16/28,603,1,0,0
7/17/28,603,1,0,0
7/18/28,603,1,0,0
7/19/28,603,1,0,0
7/20/28,604,1,0,0
7/21/28,604,1,0,0
7/22/28,604,1,0,0
7/23/28,604,1,0,0
7/24/28,604,1,0,0
7/25/28,604,1,0,0
7/26/28,604,1,0,0
7/27/28,605,1,0,0
7/28/28,605,1,0,0
7/29/28,605,1,0,0
7/30/28,605,1,0,0
7/31/28,605,1,0,0
8/1/28,605,1,0,0
8/2/28,605,1,0,0
8/3/28,606,1,0,0
8/4/28,606,1,0,0
8/5/28,606,1,0,0
8/6/28,606,1,0,0
8/7/28,606,1,0,0
8/8/28,606,1,0,0
8/9/28,606,1,0,0
8/10/28,607,1,0,0
8/11/28,607,1,0,0
8/12/28,607,1,0,0
8/13/28,607,1,0,0
8/14/28,607,1,0,0
8/15/28,607,1,0,0
8/16/28,607,1,0,0
8/17/28,608,1,0,0
8/18/28,608,1,0,0
8/19/28,608,1,0,0
8/20/28,608,1,0,0
8/21/28,608,1,0,0
8/22/28,608,1,0,0
8/23/28,608,1,0,0
8/24/28,609,1,0,0
8/25/28,609,0,1,0
8/26/28,609,0,1,0
8/27/28,609,0,1,0
8/28/28,609,0,1,0
8/29/28,609,0,1,0
8/30/28,609,0,1,0
8/31/28,610,0,1,0
9/1/28,610,0,1,0
9/2/28,610,0,1,0
9/3/28,610,0,1,0
9/4/28,610,0,1,0
9/5/28,610,0,1,0
9/6/28,610,0,1,0
9/7/28,611,1,0,0
9/8/28,611,1,0,0
9/9/28,611,1,0,0
9/10/28,611,1,0,0
9/11/28,611,1,0,0
9/12/28,611,1,0,0
9/13/28,611,1,0,0
9/14/28,612,1,0,0
9/15/28,612,1,0,0
9/16/28,612,1,0,0
9/17/28,612,1,0,0
9/18/28,612,1,0,0
9/19/28,612,1,0,0
9/20/28,612,1,0,0
9/21/28,613,1,0,0
9/22/28,613,1,0,0
9/23/28,613,1,0,0
9/24/28,613,1,0,0
9/25/28,613,1,0,0
9/26/28,613,1,0,0
9/27/28,613,1,0,0
9/28/28,614,1,0,0
9/29/28,614,1,0,0
9/30/28,614,1,0,0
10/1/28,614,1,0,0
10/2/28,614,1,0,0
10/3/28,614,1,0,0
10/4/28,614,1,0,0
10/5/28,615,1,0,0
10/6/28,615,1,0,0
10/7/28,615,1,0,0
10/8/28,615,1,0,0
10/9/28,615,1,0,0
10/10/28,615,1,0,0
10/11/28,615,1,0,0
10/12/28,616,1,0,0
10/13/28,616,1,0,0
10/14/28,616,1,0,0
10/15/28,616,1,0,0
10/16/28,616,1,0,0
10/17/28,616,1,0,0
10/18/28,616,1,0,0
10/19/28,617,1,0,0
10/20/28,617,1,0,0
10/21/28,617,1,0,0
10/22/28,617,1,0,0
10/23/28,617,1,0,0
10/24/28,617,1,0,0
10/25/28,617,1,0,0
10/26/28,618,1,0,0
10/27/28,618,1,0,0
10/28/28,618,1,0,0
10/29/28,618,1,0,0
10/30/28,618,1,0,0
10/31/28,618,1,0,0
11/1/28,618,1,0,0
11/2/28,619,1,0,0
11/3/28,619,1,0,0
11/4/28,619,1,0,0
11/5/28,619,1,0,0
11/6/28,619,1,0,0
11/7/28,619,1,0,0
11/8/28,619,1,0,0
11/9/28,620,1,0,0
11/10/28,620,1,0,0
11/11/28,620,1,0,0
11/12/28,620,1,0,0
11/13/28,620,1,0,0
11/14/28,620,1,0,0
11/15/28,620,1,0,0
11/16/28,621,1,0,0
11/17/28,621,1,0,0
11/18/28,621,0,0,1
11/19/28,621,0,0,1
11/20/28,621,0,0,1
11/21/28,621,0,0,1
11/22/28,621,0,0,1
11/23/28,622,0,0,1
11/24/28,622,0,0,1
11/25/28,622,0,0,1
11/26/28,622,0,0,1
11/27/28,622,0,0,1
11/28/28,622,0,0,1
11/29/28,622,0,0,1
11/30/28,623,0,0,1
12/1/28,623,0,0,1
12/2/28,623,0,0,1
12/3/28,623,0,0,1
12/4/28,623,0,0,1
12/5/28,623,0,0,1
12/6/28,623,1,0,0
12/7/28,624,1,0,0
12/8/28,624,1,0,0
12/9/28,624,1,0,0
12/10/28,624,1,0,0
12/11/28,624,1,0,0
12/12/28,624,1,0,0
12/13/28,624,1,0,0
12/14/28,624,1,0,0
12/15/28,624,1,0,0
12/16/28,624,1,0,0
12/17/28,624,1,0,0
12/18/28,624,1,0,0
12/19/28,624,1,0,0
12/20/28,624,1,0,0
12/21/28,626,1,0,0
12/22/28,626,1,0,0
12/23/28,626,1,0,0
12/24/28,626,1,0,0
12/25/28,626,0,1,0
12/26/28,626,0,1,0
12/27/28,626,0,1,0
12/28/28,627,0,1,0
12/29/28,627,0,1,0
12/30/28,627,0,1,0
12/31/28,627,0,1,0
1/1/29,627,1,0,0
1/2/29,627,1,0,0
1/3/29,627,1,0,0
1/4/29,628,1,0,0
1/5/29,628,1,0,0
1/6/29,628,1,0,0
1/7/29,628,1,0,0
1/8/29,628,1,0,0
1/9/29,628,1,0,0
1/10/29,628,1,0,0
1/11/29,629,1,0,0
1/12/29,629,1,0,0
1/13/29,629,1,0,0
1/14/29,629,1,0,0
1/15/29,629,1,0,0
1/16/29,629,1,0,0
1/17/29,629,1,0,0
1/18/29,630,1,0,0
1/19/29,630,1,0,0
1/20/29,630,1,0,0
1/21/29,630,1,0,0
1/22/29,630,1,0,0
1/23/29,630,1,0,0
1/24/29,630,1,0,0
1/25/29,631,1,0,0
1/26/29,631,1,0,0
1/27/29,631,1,0,0
1/28/29,631,1,0,0
1/29/29,631,1,0,0
1/30/29,631,1,0,0
1/31/29,631,1,0,0
