date,d2c,amazon,costco,other
1/1/23,265,7,,
1/2/23,208,7,,
1/3/23,144,7,,
1/4/23,136,7,,
1/5/23,127,7,,
1/6/23,129,7,,
1/7/23,158,7,,
1/8/23,175,7,,
1/9/23,133,7,,
1/10/23,136,7,,
1/11/23,124,7,,
1/12/23,110,7,,
1/13/23,113,7,,
1/14/23,160,7,,
1/15/23,159,7,,
1/16/23,121,7,,
1/17/23,108,7,,
1/18/23,100,7,,
1/19/23,128,7,,
1/20/23,124,7,,
1/21/23,115,7,,
1/22/23,153,7,,
1/23/23,102,7,,
1/24/23,107,7,,
1/25/23,101,7,,
1/26/23,116,7,,
1/27/23,120,7,,
1/28/23,162,7,,
1/29/23,253,7,,
1/30/23,165,7,,
1/31/23,149,7,,
2/1/23,154,4,,
2/2/23,119,4,,
2/3/23,111,4,,
2/4/23,143,4,,
2/5/23,142,4,,
2/6/23,119,4,,
2/7/23,97,4,,
2/8/23,93,4,,
2/9/23,108,4,,
2/10/23,111,4,,
2/11/23,100,4,,
2/12/23,107,4,,
2/13/23,102,4,,
2/14/23,88,4,,
2/15/23,85,4,,
2/16/23,122,4,,
2/17/23,120,4,,
2/18/23,116,4,,
2/19/23,132,4,,
2/20/23,125,4,,
2/21/23,102,4,,
2/22/23,94,4,,
2/23/23,93,4,,
2/24/23,97,4,,
2/25/23,97,4,,
2/26/23,96,4,,
2/27/23,93,4,,
2/28/23,94,4,,
3/1/23,103,4,,
3/2/23,69,4,,
3/3/23,84,4,,
3/4/23,77,4,,
3/5/23,134,4,,
3/6/23,90,4,,
3/7/23,76,4,,
3/8/23,68,4,,
3/9/23,85,4,,
3/10/23,68,4,,
3/11/23,95,4,,
3/12/23,131,4,,
3/13/23,104,4,,
3/14/23,80,4,,
3/15/23,79,4,,
3/16/23,132,4,,
3/17/23,72,4,,
3/18/23,104,4,,
3/19/23,194,4,,
3/20/23,141,4,,
3/21/23,122,4,,
3/22/23,147,4,,
3/23/23,121,4,,
3/24/23,167,4,,
3/25/23,247,4,,
3/26/23,357,4,,
3/27/23,223,4,,
3/28/23,240,4,,
3/29/23,176,4,,
3/30/23,216,4,,
3/31/23,284,4,,
4/1/23,207,4,,
4/2/23,188,4,,
4/3/23,71,4,,
4/4/23,60,4,,
4/5/23,52,4,,
4/6/23,55,4,,
4/7/23,77,4,,
4/8/23,60,4,,
4/9/23,81,4,,
4/10/23,68,4,,
4/11/23,50,4,,
4/12/23,49,4,,
4/13/23,76,4,,
4/14/23,52,4,,
4/15/23,65,4,,
4/16/23,76,4,,
4/17/23,67,4,,
4/18/23,67,4,,
4/19/23,72,4,,
4/20/23,67,4,,
4/21/23,73,4,,
4/22/23,61,4,,
4/23/23,58,4,,
4/24/23,67,4,,
4/25/23,57,4,,
4/26/23,69,4,,
4/27/23,58,4,,
4/28/23,70,4,,
4/29/23,87,4,,
4/30/23,87,4,,
5/1/23,79,4,,
5/2/23,79,4,,
5/3/23,90,4,,
5/4/23,96,4,,
5/5/23,77,4,,
5/6/23,78,4,,
5/7/23,99,4,,
5/8/23,95,4,,
5/9/23,69,4,,
5/10/23,71,4,,
5/11/23,78,4,,
5/12/23,76,4,,
5/13/23,111,4,,
5/14/23,132,4,,
5/15/23,116,4,,
5/16/23,72,4,,
5/17/23,79,4,,
5/18/23,64,4,,
5/19/23,61,4,,
5/20/23,78,4,,
5/21/23,110,4,,
5/22/23,71,4,,
5/23/23,60,4,,
5/24/23,67,4,,
5/25/23,228,4,,
5/26/23,242,4,,
5/27/23,301,4,,
5/28/23,317,4,,
5/29/23,335,4,,
5/30/23,211,4,,
5/31/23,234,4,,
6/1/23,216,3,,
6/2/23,262,3,,
6/3/23,279,3,,
6/4/23,425,3,,
6/5/23,190,3,,
6/6/23,117,3,,
6/7/23,178,3,,
6/8/23,69,3,,
6/9/23,66,3,,
6/10/23,48,3,,
6/11/23,71,3,,
6/12/23,59,3,,
6/13/23,72,3,,
6/14/23,66,3,,
6/15/23,55,3,,
6/16/23,50,3,,
6/17/23,60,3,,
6/18/23,52,3,,
6/19/23,56,3,,
6/20/23,61,3,,
6/21/23,55,3,,
6/22/23,43,3,,
6/23/23,43,3,,
6/24/23,58,3,,
6/25/23,47,3,,
6/26/23,58,3,,
6/27/23,46,3,,
6/28/23,45,3,,
6/29/23,93,3,,
6/30/23,120,3,,
7/1/23,69,11,,
7/2/23,116,11,,
7/3/23,104,11,,
7/4/23,139,11,,
7/5/23,57,11,,
7/6/23,45,11,,
7/7/23,42,11,,
7/8/23,43,11,,
7/9/23,53,11,,
7/10/23,52,11,,
7/11/23,47,11,,
7/12/23,54,11,,
7/13/23,49,11,,
7/14/23,42,11,,
7/15/23,39,11,,
7/16/23,49,11,,
7/17/23,64,11,,
7/18/23,51,11,,
7/19/23,58,11,,
7/20/23,206,11,,
7/21/23,201,11,,
7/22/23,245,11,,
7/23/23,229,11,,
7/24/23,233,11,,
7/25/23,203,11,,
7/26/23,226,11,,
7/27/23,247,11,,
7/28/23,257,11,,
7/29/23,330,11,,
7/30/23,395,11,,
7/31/23,73,11,,
8/1/23,55,8,,
8/2/23,53,8,,
8/3/23,56,8,,
8/4/23,76,8,,
8/5/23,85,8,,
8/6/23,83,8,,
8/7/23,77,8,,
8/8/23,88,8,,
8/9/23,75,8,,
8/10/23,82,8,,
8/11/23,76,8,,
8/12/23,129,8,,
8/13/23,125,8,,
8/14/23,108,8,,
8/15/23,108,8,,
8/16/23,98,8,,
8/17/23,161,8,,
8/18/23,185,8,,
8/19/23,165,8,,
8/20/23,229,8,,
8/21/23,195,8,,
8/22/23,190,8,,
8/23/23,252,8,,
8/24/23,329,8,,
8/25/23,302,8,,
8/26/23,304,8,,
8/27/23,351,8,,
8/28/23,289,8,,
8/29/23,289,8,,
8/30/23,254,8,,
8/31/23,290,8,,
9/1/23,273,4,,
9/2/23,356,4,,
9/3/23,410,4,,
9/4/23,649,4,,
9/5/23,201,4,,
9/6/23,114,4,,
9/7/23,90,4,,
9/8/23,111,4,,
9/9/23,117,4,,
9/10/23,107,4,,
9/11/23,103,4,,
9/12/23,84,4,,
9/13/23,111,4,,
9/14/23,92,4,,
9/15/23,98,4,,
9/16/23,106,4,,
9/17/23,125,4,,
9/18/23,82,4,,
9/19/23,108,4,,
9/20/23,104,4,,
9/21/23,114,4,,
9/22/23,102,4,,
9/23/23,102,4,,
9/24/23,86,4,,
9/25/23,100,4,,
9/26/23,94,4,,
9/27/23,101,4,,
9/28/23,92,4,,
9/29/23,94,4,,
9/30/23,96,4,,
10/1/23,128,10,,
10/2/23,100,10,,
10/3/23,106,10,,
10/4/23,110,10,,
10/5/23,276,10,,
10/6/23,223,10,,
10/7/23,248,10,,
10/8/23,370,10,,
10/9/23,285,10,,
10/10/23,343,10,,
10/11/23,209,10,,
10/12/23,108,10,,
10/13/23,86,10,,
10/14/23,100,10,,
10/15/23,116,10,,
10/16/23,85,10,,
10/17/23,86,10,,
10/18/23,90,10,,
10/19/23,91,10,,
10/20/23,99,10,,
10/21/23,122,10,,
10/22/23,120,10,,
10/23/23,107,10,,
10/24/23,84,10,,
10/25/23,88,10,,
10/26/23,82,10,,
10/27/23,83,10,,
10/28/23,93,10,,
10/29/23,132,10,,
10/30/23,99,10,,
10/31/23,121,10,,
11/1/23,105,12,,
11/2/23,80,12,,
11/3/23,73,12,,
11/4/23,101,12,,
11/5/23,84,12,,
11/6/23,80,12,,
11/7/23,74,12,,
11/8/23,78,12,,
11/9/23,85,12,,
11/10/23,76,12,,
11/11/23,97,12,,
11/12/23,103,12,,
11/13/23,88,12,,
11/14/23,140,12,,
11/15/23,166,12,,
11/16/23,370,12,,
11/17/23,383,12,,
11/18/23,447,12,,
11/19/23,462,12,,
11/20/23,360,12,,
11/21/23,329,12,,
11/22/23,383,12,,
11/23/23,415,12,,
11/24/23,732,12,,
11/25/23,502,12,,
11/26/23,657,12,,
11/27/23,565,12,,
11/28/23,325,12,,
11/29/23,201,12,,
11/30/23,228,12,,
12/1/23,235,10,,
12/2/23,243,10,,
12/3/23,367,10,,
12/4/23,189,10,,
12/5/23,128,10,,
12/6/23,138,10,,
12/7/23,150,10,,
12/8/23,151,10,,
12/9/23,184,10,,
12/10/23,224,10,,
12/11/23,175,10,,
12/12/23,207,10,,
12/13/23,197,10,,
12/14/23,191,10,,
12/15/23,180,10,,
12/16/23,203,10,,
12/17/23,208,10,,
12/18/23,154,10,,
12/19/23,166,10,,
12/20/23,160,10,,
12/21/23,171,10,,
12/22/23,154,10,,
12/23/23,183,10,,
12/24/23,169,10,,
12/25/23,170,10,,
12/26/23,195,10,,
12/27/23,212,10,,
12/28/23,159,10,,
12/29/23,189,10,,
12/30/23,211,10,,
12/31/23,214,10,,
1/1/24,206,4,0,
1/2/24,135,4,0,
1/3/24,193,4,0,
1/4/24,215,4,0,
1/5/24,218,4,0,
1/6/24,331,4,0,
1/7/24,344,4,0,
1/8/24,295,4,0,
1/9/24,260,4,0,
1/10/24,250,4,0,
1/11/24,243,4,0,
1/12/24,198,4,0,
1/13/24,227,4,0,
1/14/24,261,4,0,
1/15/24,193,4,0,
1/16/24,171,4,0,
1/17/24,166,4,0,
1/18/24,147,4,0,
1/19/24,130,4,0,
1/20/24,132,4,0,
1/21/24,165,4,0,
1/22/24,147,4,0,
1/23/24,109,4,0,
1/24/24,115,4,0,
1/25/24,86,4,0,
1/26/24,86,4,0,
1/27/24,129,4,0,
1/28/24,166,4,0,
1/29/24,103,4,0,
1/30/24,112,4,0,
1/31/24,92,4,0,
2/1/24,82,2,26,
2/2/24,89,2,26,
2/3/24,110,2,26,
2/4/24,110,2,26,
2/5/24,74,2,26,
2/6/24,76,2,26,
2/7/24,78,2,26,
2/8/24,84,2,26,
2/9/24,75,2,26,
2/10/24,70,2,26,
2/11/24,81,2,26,
2/12/24,61,2,26,
2/13/24,79,2,26,
2/14/24,64,2,26,
2/15/24,90,2,26,
2/16/24,64,2,26,
2/17/24,75,2,26,
2/18/24,101,2,26,
2/19/24,89,2,26,
2/20/24,72,2,26,
2/21/24,80,2,26,
2/22/24,85,2,26,
2/23/24,78,2,26,
2/24/24,96,2,26,
2/25/24,112,2,26,
2/26/24,80,2,26,
2/27/24,73,2,26,
2/28/24,58,2,26,
2/29/24,77,2,26,
3/1/24,59,3,52,
3/2/24,75,3,52,
3/3/24,94,3,52,
3/4/24,82,3,52,
3/5/24,67,3,52,
3/6/24,64,3,52,
3/7/24,120,3,52,
3/8/24,125,3,52,
3/9/24,131,3,52,
3/10/24,160,3,52,
3/11/24,154,3,52,
3/12/24,192,3,52,
3/13/24,222,3,52,
3/14/24,258,3,52,
3/15/24,260,3,52,
3/16/24,291,3,52,
3/17/24,338,3,52,
3/18/24,168,3,52,
3/19/24,114,3,52,
3/20/24,98,3,52,
3/21/24,117,3,52,
3/22/24,113,3,52,
3/23/24,113,3,52,
3/24/24,131,3,52,
3/25/24,114,3,52,
3/26/24,105,3,52,
3/27/24,97,3,52,
3/28/24,91,3,52,
3/29/24,94,3,52,
3/30/24,112,3,52,
3/31/24,102,3,52,
4/1/24,101,2,36,
4/2/24,89,2,36,
4/3/24,67,2,36,
4/4/24,86,2,36,
4/5/24,75,2,36,
4/6/24,70,2,36,
4/7/24,85,2,36,
4/8/24,87,2,36,
4/9/24,70,2,36,
4/10/24,77,2,36,
4/11/24,64,2,36,
4/12/24,68,2,36,
4/13/24,65,2,36,
4/14/24,75,2,36,
4/15/24,73,2,36,
4/16/24,81,2,36,
4/17/24,80,2,36,
4/18/24,110,2,36,
4/19/24,104,2,36,
4/20/24,104,2,36,
4/21/24,90,2,36,
4/22/24,79,2,36,
4/23/24,84,2,36,
4/24/24,87,2,36,
4/25/24,63,2,36,
4/26/24,61,2,36,
4/27/24,74,2,36,
4/28/24,76,2,36,
4/29/24,62,2,36,
4/30/24,62,2,36,
5/1/24,66,2,23,
5/2/24,89,2,23,
5/3/24,60,2,23,
5/4/24,53,2,23,
5/5/24,74,2,23,
5/6/24,94,2,23,
5/7/24,67,2,23,
5/8/24,77,2,23,
5/9/24,53,2,23,
5/10/24,54,2,23,
5/11/24,71,2,23,
5/12/24,73,2,23,
5/13/24,73,2,23,
5/14/24,75,2,23,
5/15/24,81,2,23,
5/16/24,244,2,23,
5/17/24,214,2,23,
5/18/24,288,2,23,
5/19/24,285,2,23,
5/20/24,225,2,23,
5/21/24,218,2,23,
5/22/24,268,2,23,
5/23/24,234,2,23,
5/24/24,237,2,23,
5/25/24,241,2,23,
5/26/24,251,2,23,
5/27/24,284,2,23,
5/28/24,95,2,23,
5/29/24,74,2,23,
5/30/24,67,2,23,
5/31/24,60,2,23,
6/1/24,55,1,,
6/2/24,65,1,,
6/3/24,59,1,,
6/4/24,77,1,,
6/5/24,77,1,,
6/6/24,59,1,,
6/7/24,60,1,,
6/8/24,62,1,,
6/9/24,65,1,,
6/10/24,59,1,,
6/11/24,66,1,,
6/12/24,70,1,,
6/13/24,75,1,,
6/14/24,69,1,,
6/15/24,88,1,,
6/16/24,89,1,,
6/17/24,85,1,,
6/18/24,108,1,,
6/19/24,123,1,,
6/20/24,109,1,,
6/21/24,94,1,,
6/22/24,90,1,,
6/23/24,85,1,,
6/24/24,88,1,,
6/25/24,69,1,,
6/26/24,70,1,,
6/27/24,97,1,,
6/28/24,69,1,,
6/29/24,88,1,,
6/30/24,93,1,,
7/1/24,75,2,,
7/2/24,70,2,,
7/3/24,77,2,,
7/4/24,106,2,,
7/5/24,68,2,,
7/6/24,69,2,,
7/7/24,79,2,,
7/8/24,75,2,,
7/9/24,45,2,,
7/10/24,76,2,,
7/11/24,60,2,,
7/12/24,64,2,,
7/13/24,49,2,,
7/14/24,55,2,,
7/15/24,58,2,,
7/16/24,60,2,,
7/17/24,69,2,,
7/18/24,45,2,,
7/19/24,39,2,,
7/20/24,38,2,,
7/21/24,61,2,,
7/22/24,56,2,,
7/23/24,51,2,,
7/24/24,62,2,,
7/25/24,52,2,,
7/26/24,57,2,,
7/27/24,55,2,,
7/28/24,69,2,,
7/29/24,51,2,,
7/30/24,65,2,,
7/31/24,348,2,,
8/1/24,70,1,,
8/2/24,75,1,,
8/3/24,68,1,,
8/4/24,75,1,,
8/5/24,74,1,,
8/6/24,66,1,,
8/7/24,55,1,,
8/8/24,64,1,,
8/9/24,54,1,,
8/10/24,63,1,,
8/11/24,73,1,,
8/12/24,65,1,,
8/13/24,58,1,,
8/14/24,62,1,,
8/15/24,68,1,,
8/16/24,72,1,,
8/17/24,73,1,,
8/18/24,77,1,,
8/19/24,103,1,,
8/20/24,183,1,,
8/21/24,212,1,,
8/22/24,308,1,,
8/23/24,271,1,,
8/24/24,274,1,,
8/25/24,265,1,,
8/26/24,204,1,,
8/27/24,218,1,,
8/28/24,188,1,,
8/29/24,179,1,,
8/30/24,189,1,,
8/31/24,-13,1,,
9/1/24,236,1,,
9/2/24,321,1,,
9/3/24,,1,,
9/4/24,,1,,
9/5/24,367,1,,
9/6/24,105,1,,
9/7/24,112,1,,
9/8/24,89,1,,
9/9/24,,1,,
9/10/24,,1,,
9/11/24,,1,,
9/12/24,418,1,,
9/13/24,78,1,,
9/14/24,66,1,,
9/15/24,93,1,,
9/16/24,66,1,,
9/17/24,77,1,,
9/18/24,61,1,,
9/19/24,69,1,,
9/20/24,61,1,,
9/21/24,72,1,,
9/22/24,87,1,,
9/23/24,106,1,,
9/24/24,128,1,,
9/25/24,145,1,,
9/26/24,139,1,,
9/27/24,123,1,,
9/28/24,143,1,,
9/29/24,143,1,,
9/30/24,27,1,,
10/1/24,111,1,11,
10/2/24,86,1,11,
10/3/24,81,1,11,
10/4/24,71,1,11,
10/5/24,75,1,11,
10/6/24,81,1,11,
10/7/24,84,1,11,
10/8/24,71,1,11,
10/9/24,72,1,11,
10/10/24,53,1,11,
10/11/24,61,1,11,
10/12/24,60,1,11,
10/13/24,78,1,11,
10/14/24,70,1,11,
10/15/24,68,1,11,
10/16/24,67,1,11,
10/17/24,60,1,11,
10/18/24,46,1,11,
10/19/24,62,1,11,
10/20/24,71,1,11,
10/21/24,54,1,11,
10/22/24,57,1,11,
10/23/24,70,1,11,
10/24/24,63,1,11,
10/25/24,60,1,11,
10/26/24,58,1,11,
10/27/24,68,1,11,
10/28/24,58,1,11,
10/29/24,50,1,11,
10/30/24,50,1,11,
10/31/24,67,1,11,
11/1/24,45,3,15,
11/2/24,47,3,15,
11/3/24,84,3,15,
11/4/24,61,3,15,
11/5/24,45,3,15,
11/6/24,46,3,15,
11/7/24,62,3,15,
11/8/24,54,3,15,
11/9/24,82,3,15,
11/10/24,86,3,15,
11/11/24,81,3,15,
11/12/24,201,3,15,
11/13/24,320,3,15,
11/14/24,429,3,15,
11/15/24,577,3,15,
11/16/24,576,3,15,
11/17/24,479,3,15,
11/18/24,391,3,15,
11/19/24,338,3,15,
11/20/24,269,3,15,
11/21/24,475,3,15,
11/22/24,377,3,15,
11/23/24,472,3,15,
11/24/24,491,3,15,
11/25/24,475,3,15,
11/26/24,430,3,15,
11/27/24,404,3,15,
11/28/24,451,3,15,
11/29/24,779,3,15,
11/30/24,483,3,15,
12/1/24,716,1,,
12/2/24,569,1,,
12/3/24,371,1,,
12/4/24,383,1,,
12/5/24,467,1,,
12/6/24,478,1,,
12/7/24,574,1,,
12/8/24,719,1,,
12/9/24,190,1,,
12/10/24,151,1,,
12/11/24,90,1,,
12/12/24,115,1,,
12/13/24,102,1,,
12/14/24,124,1,,
12/15/24,107,1,,
12/16/24,109,1,,
12/17/24,112,1,,
12/18/24,114,1,,
12/19/24,106,1,,
12/20/24,107,1,,
12/21/24,90,1,,
12/22/24,73,1,,
12/23/24,52,1,,
12/24/24,90,1,,
12/25/24,108,1,,
12/26/24,107,1,,
12/27/24,129,1,,
12/28/24,118,1,,
12/29/24,122,1,,
12/30/24,100,1,,
12/31/24,145,1,,
1/1/25,109,1,,
1/2/25,95,1,,
1/3/25,96,1,,
1/4/25,122,1,,
1/5/25,104,1,,
1/6/25,204,1,,
1/7/25,293,1,,
1/8/25,250,1,,
1/9/25,325,1,,
1/10/25,440,1,,
1/11/25,384,1,,
1/12/25,383,1,,
1/13/25,315,1,,
1/14/25,248,1,,
1/15/25,238,1,,
1/16/25,202,1,,
1/17/25,173,1,,
1/18/25,177,1,,
1/19/25,182,1,,
1/20/25,143,1,,
1/21/25,152,1,,
1/22/25,133,1,,
1/23/25,116,1,,
1/24/25,107,1,,
1/25/25,134,1,,
1/26/25,136,1,,
1/27/25,131,1,,
1/28/25,132,1,,
1/29/25,114,1,,
1/30/25,178,1,,
1/31/25,161,1,,
2/1/25,153,1,,
2/2/25,218,1,,
2/3/25,109,1,,
2/4/25,156,1,,
2/5/25,163,1,,
2/6/25,170,1,,
2/7/25,150,1,,
2/8/25,126,1,,
2/9/25,113,1,,
2/10/25,102,1,,
2/11/25,104,1,,
2/12/25,84,1,,
2/13/25,77,1,,
2/14/25,66,1,,
2/15/25,89,1,,
2/16/25,101,1,,
2/17/25,110,1,,
2/18/25,76,1,,
2/19/25,75,1,,
2/20/25,81,1,,
2/21/25,75,1,,
2/22/25,96,1,,
2/23/25,98,1,,
2/24/25,86,1,,
2/25/25,89,1,,
2/26/25,74,1,,
2/27/25,77,1,,
2/28/25,72,1,,
3/1/25,102,1,,
3/2/25,109,1,,
3/3/25,84,1,,
3/4/25,78,1,,
3/5/25,87,1,,
3/6/25,138,1,,
3/7/25,128,1,,
3/8/25,172,1,,
3/9/25,171,1,,
3/10/25,148,1,,
3/11/25,230,1,,
3/12/25,238,1,,
3/13/25,285,1,,
3/14/25,300,1,,
3/15/25,281,1,,
3/16/25,265,1,,
3/17/25,185,1,,
3/18/25,193,1,,
3/19/25,208,1,,
3/20/25,190,1,,
3/21/25,163,1,,
3/22/25,200,1,,
3/23/25,228,1,,
3/24/25,136,1,,
3/25/25,82,1,,
3/26/25,92,1,,
3/27/25,90,1,,
3/28/25,86,1,,
3/29/25,86,1,,
3/30/25,106,1,,
3/31/25,82,1,,
4/1/25,82,1,,
4/2/25,93,1,,
4/3/25,132,1,,
4/4/25,129,1,,
4/5/25,142,1,,
4/6/25,151,1,,
4/7/25,122,1,,
4/8/25,127,1,,
4/9/25,109,1,,
4/10/25,74,1,,
4/11/25,109,1,,
4/12/25,115,1,,
4/13/25,110,1,,
4/14/25,91,1,,
4/15/25,105,1,,
4/16/25,124,1,,
4/17/25,142,1,,
4/18/25,94,1,,
4/19/25,127,1,,
4/20/25,101,1,,
4/21/25,120,1,,
4/22/25,96,1,,
4/23/25,116,1,,
4/24/25,93,1,,
4/25/25,117,1,,
4/26/25,148,1,,
4/27/25,211,1,,
4/28/25,139,1,,
4/29/25,155,1,,
4/30/25,141,1,,
5/1/25,105,1,,
5/2/25,70,1,,
5/3/25,94,1,,
5/4/25,84,1,,
5/5/25,96,1,,
5/6/25,80,1,,
5/7/25,70,1,,
5/8/25,82,1,,
5/9/25,67,1,,
5/10/25,62,1,,
5/11/25,65,1,,
5/12/25,90,1,,
5/13/25,63,1,,
5/14/25,85,1,,
5/15/25,62,1,,
5/16/25,79,1,,
5/17/25,97,1,,
5/18/25,110,1,,
5/19/25,125,1,,
5/20/25,123,1,,
5/21/25,154,1,,
5/22/25,113,1,,
5/23/25,144,1,,
5/24/25,118,1,,
5/25/25,127,1,,
5/26/25,124,1,,
5/27/25,107,1,,
5/28/25,117,1,,
5/29/25,126,1,,
5/30/25,111,1,,
5/31/25,150,1,,
6/1/25,132,1,,
6/2/25,87,1,,
6/3/25,100,1,,
6/4/25,104,1,,
6/5/25,85,1,,
6/6/25,73,1,,
6/7/25,90,1,,
6/8/25,108,1,,
6/9/25,89,1,,
6/10/25,106,1,,
6/11/25,86,1,,
6/12/25,78,1,,
6/13/25,73,1,,
6/14/25,105,1,,
6/15/25,101,1,,
6/16/25,86,1,,
6/17/25,94,1,,
6/18/25,101,1,,
6/19/25,93,1,,
6/20/25,67,1,,
6/21/25,72,1,,
6/22/25,100,1,,
6/23/25,88,1,,
6/24/25,87,1,,
6/25/25,77,1,,
6/26/25,103,1,,
6/27/25,89,1,,
6/28/25,102,1,,
6/29/25,135,1,,
6/30/25,86,1,,
7/1/25,66,1,,
7/2/25,75,1,,
7/3/25,89,1,,
7/4/25,75,1,,
7/5/25,112,1,,
7/6/25,113,1,,
7/7/25,94,1,,
7/8/25,83,1,,
7/9/25,71,1,,
7/10/25,71,1,,
7/11/25,78,1,,
7/12/25,71,1,,
7/13/25,75,1,,
7/14/25,63,1,,
7/15/25,69,1,,
7/16/25,80,1,,
7/17/25,63,1,,
7/18/25,62,1,,
7/19/25,64,1,,
7/20/25,71,1,,
7/21/25,80,1,,
7/22/25,80,1,,
7/23/25,80,1,,
7/24/25,80,1,,
7/25/25,80,1,,
7/26/25,80,1,,
7/27/25,80,1,,
7/28/25,80,1,,
7/29/25,80,1,,
7/30/25,80,1,,
7/31/25,119,1,,
8/1/25,115,1,,
8/2/25,115,1,,
8/3/25,115,1,,
8/4/25,115,1,,
8/5/25,115,1,,
8/6/25,115,1,,
8/7/25,115,1,,
8/8/25,115,1,,
8/9/25,115,1,,
8/10/25,115,1,,
8/11/25,115,1,,
8/12/25,115,1,,
8/13/25,115,1,,
8/14/25,115,1,,
8/15/25,115,1,,
8/16/25,115,1,,
8/17/25,115,1,,
8/18/25,120,1,,
8/19/25,124,1,,
8/20/25,126,1,,
8/21/25,483,1,,
8/22/25,524,1,,
8/23/25,528,1,,
8/24/25,585,1,,
8/25/25,541,1,,
8/26/25,475,1,,
8/27/25,410,1,,
8/28/25,375,1,,
8/29/25,338,1,,
8/30/25,338,1,,
8/31/25,349,1,,
9/1/25,418,1,,
9/2/25,161,1,,
9/3/25,148,1,,
9/4/25,144,1,,
9/5/25,141,1,,
9/6/25,135,1,,
9/7/25,138,1,,
9/8/25,137,1,,
9/9/25,140,1,,
9/10/25,137,1,,
9/11/25,134,1,,
9/12/25,132,1,,
9/13/25,130,1,,
9/14/25,130,1,,
9/15/25,131,1,,
9/16/25,134,1,,
9/17/25,127,1,,
9/18/25,128,1,,
9/19/25,126,1,,
9/20/25,126,1,,
9/21/25,127,1,,
9/22/25,125,1,,
9/23/25,125,1,,
9/24/25,125,1,,
9/25/25,125,1,,
9/26/25,125,1,,
9/27/25,125,1,,
9/28/25,125,1,,
9/29/25,125,1,,
9/30/25,125,1,,
10/1/25,123,1,,
10/2/25,123,1,,
10/3/25,123,1,,
10/4/25,123,1,,
10/5/25,123,1,,
10/6/25,123,1,,
10/7/25,122,1,,
10/8/25,122,1,,
10/9/25,122,1,,
10/10/25,122,1,,
10/11/25,122,1,,
10/12/25,122,1,,
10/13/25,122,1,,
10/14/25,122,1,,
10/15/25,122,1,,
10/16/25,122,1,,
10/17/25,122,1,,
10/18/25,122,1,,
10/19/25,122,1,,
10/20/25,123,1,,
10/21/25,124,1,,
10/22/25,125,1,,
10/23/25,139,1,,
10/24/25,160,1,,
10/25/25,172,1,,
10/26/25,184,1,,
10/27/25,179,1,,
10/28/25,164,1,,
10/29/25,154,1,,
10/30/25,145,1,,
10/31/25,137,1,,
11/1/25,130,3,,
11/2/25,127,3,,
11/3/25,127,3,,
11/4/25,126,3,,
11/5/25,123,3,,
11/6/25,122,3,,
11/7/25,122,3,,
11/8/25,120,3,,
11/9/25,121,3,,
11/10/25,131,3,,
11/11/25,209,3,,
11/12/25,213,3,,
11/13/25,360,3,,
11/14/25,565,3,,
11/15/25,691,3,,
11/16/25,810,3,,
11/17/25,756,3,,
11/18/25,611,3,,
11/19/25,501,3,,
11/20/25,607,3,,
11/21/25,529,3,,
11/22/25,514,3,,
11/23/25,495,3,,
11/24/25,472,3,,
11/25/25,441,3,,
11/26/25,416,3,,
11/27/25,409,3,,
11/28/25,557,3,,
11/29/25,443,3,,
11/30/25,525,3,,
12/1/25,483,1,,
12/2/25,406,1,,
12/3/25,400,1,,
12/4/25,395,1,,
12/5/25,427,1,,
12/6/25,475,1,,
12/7/25,614,1,,
12/8/25,303,1,,
12/9/25,295,1,,
12/10/25,246,1,,
12/11/25,220,1,,
12/12/25,196,1,,
12/13/25,175,1,,
12/14/25,168,1,,
12/15/25,158,1,,
12/16/25,158,1,,
12/17/25,155,1,,
12/18/25,148,1,,
12/19/25,147,1,,
12/20/25,145,1,,
12/21/25,142,1,,
12/22/25,144,1,,
12/23/25,143,1,,
12/24/25,144,1,,
12/25/25,148,1,,
12/26/25,149,1,,
12/27/25,147,1,,
12/28/25,145,1,,
12/29/25,142,1,,
12/30/25,145,1,,
12/31/25,133,1,,
1/1/26,229,1,,
1/2/26,229,1,,
1/3/26,229,1,,
1/4/26,229,1,,
1/5/26,229,1,,
1/6/26,229,1,,
1/7/26,229,1,,
1/8/26,229,1,,
1/9/26,229,1,,
1/10/26,229,1,,
1/11/26,229,1,,
1/12/26,229,1,,
1/13/26,229,1,,
1/14/26,229,1,,
1/15/26,229,1,,
1/16/26,229,1,,
1/17/26,229,1,,
1/18/26,229,1,,
1/19/26,229,1,,
1/20/26,229,1,,
1/21/26,229,1,,
1/22/26,229,1,,
1/23/26,229,1,,
1/24/26,229,1,,
1/25/26,229,1,,
1/26/26,229,1,,
1/27/26,229,1,,
1/28/26,229,1,,
1/29/26,229,1,,
1/30/26,229,1,,
1/31/26,229,1,,
2/1/26,249,1,,
2/2/26,249,1,,
2/3/26,249,1,,
2/4/26,249,1,,
2/5/26,249,1,,
2/6/26,249,1,,
2/7/26,249,1,,
2/8/26,249,1,,
2/9/26,249,1,,
2/10/26,249,1,,
2/11/26,249,1,,
2/12/26,249,1,,
2/13/26,249,1,,
2/14/26,249,1,,
2/15/26,249,1,,
2/16/26,249,1,,
2/17/26,249,1,,
2/18/26,249,1,,
2/19/26,249,1,,
2/20/26,249,1,,
2/21/26,249,1,,
2/22/26,249,1,,
2/23/26,249,1,,
2/24/26,249,1,,
2/25/26,249,1,,
2/26/26,249,1,,
2/27/26,249,1,,
2/28/26,249,1,,
3/1/26,146,1,,
3/2/26,146,1,,
3/3/26,146,1,,
3/4/26,146,1,,
3/5/26,146,1,,
3/6/26,146,1,,
3/7/26,146,1,,
3/8/26,146,1,,
3/9/26,146,1,,
3/10/26,146,1,,
3/11/26,146,1,,
3/12/26,146,1,,
3/13/26,146,1,,
3/14/26,146,1,,
3/15/26,146,1,,
3/16/26,146,1,,
3/17/26,146,1,,
3/18/26,215,1,,
3/19/26,363,1,,
3/20/26,384,1,,
3/21/26,264,1,,
3/22/26,269,1,,
3/23/26,338,1,,
3/24/26,232,1,,
3/25/26,270,1,,
3/26/26,317,1,,
3/27/26,521,1,,
3/28/26,146,1,,
3/29/26,146,1,,
3/30/26,146,1,,
3/31/26,146,1,,
4/1/26,153,1,,
4/2/26,153,1,,
4/3/26,153,1,,
4/4/26,153,1,,
4/5/26,153,1,,
4/6/26,153,1,,
4/7/26,153,1,,
4/8/26,153,1,,
4/9/26,153,1,,
4/10/26,153,1,,
4/11/26,153,1,,
4/12/26,153,1,,
4/13/26,153,1,,
4/14/26,153,1,,
4/15/26,153,1,,
4/16/26,153,1,,
4/17/26,153,1,,
4/18/26,153,1,,
4/19/26,153,1,,
4/20/26,153,1,,
4/21/26,153,1,,
4/22/26,153,1,,
4/23/26,153,1,,
4/24/26,153,1,,
4/25/26,153,1,,
4/26/26,153,1,,
4/27/26,153,1,,
4/28/26,153,1,,
4/29/26,153,1,,
4/30/26,153,1,,
5/1/26,102,1,,
5/2/26,102,1,,
5/3/26,102,1,,
5/4/26,102,1,,
5/5/26,102,1,,
5/6/26,102,1,,
5/7/26,102,1,,
5/8/26,102,1,,
5/9/26,102,1,,
5/10/26,102,1,,
5/11/26,102,1,,
5/12/26,102,1,,
5/13/26,102,1,,
5/14/26,102,1,,
5/15/26,102,1,,
5/16/26,1133,1,,
5/17/26,662,1,,
5/18/26,737,1,,
5/19/26,702,1,,
5/20/26,502,1,,
5/21/26,268,1,,
5/22/26,279,1,,
5/23/26,315,1,,
5/24/26,538,1,,
5/25/26,915,1,,
5/26/26,102,1,,
5/27/26,102,1,,
5/28/26,102,1,,
5/29/26,102,1,,
5/30/26,102,1,,
5/31/26,102,1,,
6/1/26,183,1,,
6/2/26,183,1,,
6/3/26,183,1,,
6/4/26,183,1,,
6/5/26,183,1,,
6/6/26,183,1,,
6/7/26,183,1,,
6/8/26,183,1,,
6/9/26,183,1,,
6/10/26,183,1,,
6/11/26,183,1,,
6/12/26,183,1,,
6/13/26,183,1,,
6/14/26,183,1,,
6/15/26,183,1,,
6/16/26,183,1,,
6/17/26,183,1,,
6/18/26,183,1,,
6/19/26,183,1,,
6/20/26,183,1,,
6/21/26,183,1,,
6/22/26,183,1,,
6/23/26,183,1,,
6/24/26,183,1,,
6/25/26,183,1,,
6/26/26,183,1,,
6/27/26,183,1,,
6/28/26,183,1,,
6/29/26,183,1,,
6/30/26,183,1,,
7/1/26,289,1,,
7/2/26,311,1,,
7/3/26,311,1,,
7/4/26,311,1,,
7/5/26,365,1,,
7/6/26,437,1,,
7/7/26,97,1,,
7/8/26,97,1,,
7/9/26,97,1,,
7/10/26,97,1,,
7/11/26,97,1,,
7/12/26,97,1,,
7/13/26,97,1,,
7/14/26,97,1,,
7/15/26,97,1,,
7/16/26,97,1,,
7/17/26,97,1,,
7/18/26,97,1,,
7/19/26,97,1,,
7/20/26,97,1,,
7/21/26,97,1,,
7/22/26,97,1,,
7/23/26,97,1,,
7/24/26,97,1,,
7/25/26,97,1,,
7/26/26,97,1,,
7/27/26,97,1,,
7/28/26,97,1,,
7/29/26,97,1,,
7/30/26,97,1,,
7/31/26,97,1,,
8/1/26,179,1,,
8/2/26,179,1,,
8/3/26,179,1,,
8/4/26,179,1,,
8/5/26,179,1,,
8/6/26,179,1,,
8/7/26,179,1,,
8/8/26,179,1,,
8/9/26,179,1,,
8/10/26,179,1,,
8/11/26,179,1,,
8/12/26,179,1,,
8/13/26,179,1,,
8/14/26,179,1,,
8/15/26,179,1,,
8/16/26,179,1,,
8/17/26,179,1,,
8/18/26,179,1,,
8/19/26,179,1,,
8/20/26,179,1,,
8/21/26,179,1,,
8/22/26,179,1,,
8/23/26,179,1,,
8/24/26,179,1,,
8/25/26,179,1,,
8/26/26,548,1,,
8/27/26,548,1,,
8/28/26,503,1,,
8/29/26,506,1,,
8/30/26,584,1,,
8/31/26,481,1,,
9/1/26,481,1,,
9/2/26,423,1,,
9/3/26,483,1,,
9/4/26,454,1,,
9/5/26,593,1,,
9/6/26,683,1,,
9/7/26,1080,1,,
9/8/26,179,1,,
9/9/26,179,1,,
9/10/26,179,1,,
9/11/26,179,1,,
9/12/26,179,1,,
9/13/26,179,1,,
9/14/26,179,1,,
9/15/26,179,1,,
9/16/26,179,1,,
9/17/26,179,1,,
9/18/26,179,1,,
9/19/26,179,1,,
9/20/26,179,1,,
9/21/26,179,1,,
9/22/26,179,1,,
9/23/26,179,1,,
9/24/26,179,1,,
9/25/26,179,1,,
9/26/26,179,1,,
9/27/26,179,1,,
9/28/26,179,1,,
9/29/26,179,1,,
9/30/26,179,1,,
10/1/26,205,1,,
10/2/26,205,1,,
10/3/26,205,1,,
10/4/26,205,1,,
10/5/26,205,1,,
10/6/26,205,1,,
10/7/26,205,1,,
10/8/26,205,1,,
10/9/26,205,1,,
10/10/26,205,1,,
10/11/26,205,1,,
10/12/26,205,1,,
10/13/26,205,1,,
10/14/26,205,1,,
10/15/26,205,1,,
10/16/26,205,1,,
10/17/26,205,1,,
10/18/26,205,1,,
10/19/26,205,1,,
10/20/26,205,1,,
10/21/26,205,1,,
10/22/26,205,1,,
10/23/26,205,1,,
10/24/26,205,1,,
10/25/26,205,1,,
10/26/26,205,1,,
10/27/26,205,1,,
10/28/26,205,1,,
10/29/26,205,1,,
10/30/26,205,1,,
10/31/26,205,1,,
11/1/26,136,3,,
11/2/26,135,3,,
11/3/26,104,3,,
11/4/26,167,3,,
11/5/26,144,3,,
11/6/26,149,3,,
11/7/26,129,3,,
11/8/26,82,3,,
11/9/26,111,3,,
11/10/26,89,3,,
11/11/26,96,3,,
11/12/26,140,3,,
11/13/26,178,3,,
11/14/26,125,3,,
11/15/26,105,3,,
11/16/26,89,3,,
11/17/26,125,3,,
11/18/26,125,3,,
11/19/26,1360,3,,
11/20/26,973,3,,
11/21/26,877,3,,
11/22/26,778,3,,
11/23/26,695,3,,
11/24/26,715,3,,
11/25/26,789,3,,
11/26/26,791,3,,
11/27/26,1728,3,,
11/28/26,988,3,,
11/29/26,1140,3,,
11/30/26,1822,3,,
12/1/26,737,1,,
12/2/26,418,1,,
12/3/26,520,1,,
12/4/26,509,1,,
12/5/26,622,1,,
12/6/26,1109,1,,
12/7/26,226,1,,
12/8/26,215,1,,
12/9/26,229,1,,
12/10/26,473,1,,
12/11/26,196,1,,
12/12/26,178,1,,
12/13/26,178,1,,
12/14/26,164,1,,
12/15/26,178,1,,
12/16/26,169,1,,
12/17/26,180,1,,
12/18/26,198,1,,
12/19/26,184,1,,
12/20/26,129,1,,
12/21/26,164,1,,
12/22/26,149,1,,
12/23/26,189,1,,
12/24/26,164,1,,
12/25/26,231,1,,
12/26/26,344,1,,
12/27/26,282,1,,
12/28/26,275,1,,
12/29/26,291,1,,
12/30/26,358,1,,
12/31/26,286,1,,
1/1/27,323,1,,
1/2/27,323,1,,
1/3/27,323,1,,
1/4/27,323,1,,
1/5/27,323,1,,
1/6/27,323,1,,
1/7/27,323,1,,
1/8/27,323,1,,
1/9/27,323,1,,
1/10/27,323,1,,
1/11/27,323,1,,
1/12/27,323,1,,
1/13/27,323,1,,
1/14/27,323,1,,
1/15/27,323,1,,
1/16/27,323,1,,
1/17/27,323,1,,
1/18/27,323,1,,
1/19/27,323,1,,
1/20/27,323,1,,
1/21/27,323,1,,
1/22/27,323,1,,
1/23/27,323,1,,
1/24/27,323,1,,
1/25/27,323,1,,
1/26/27,323,1,,
1/27/27,323,1,,
1/28/27,323,1,,
1/29/27,323,1,,
1/30/27,323,1,,
1/31/27,323,1,,
2/1/27,329,1,,
2/2/27,329,1,,
2/3/27,329,1,,
2/4/27,329,1,,
2/5/27,329,1,,
2/6/27,329,1,,
2/7/27,329,1,,
2/8/27,329,1,,
2/9/27,329,1,,
2/10/27,329,1,,
2/11/27,329,1,,
2/12/27,329,1,,
2/13/27,329,1,,
2/14/27,329,1,,
2/15/27,329,1,,
2/16/27,329,1,,
2/17/27,329,1,,
2/18/27,329,1,,
2/19/27,329,1,,
2/20/27,329,1,,
2/21/27,329,1,,
2/22/27,329,1,,
2/23/27,329,1,,
2/24/27,329,1,,
2/25/27,329,1,,
2/26/27,329,1,,
2/27/27,329,1,,
2/28/27,329,1,,
3/1/27,180,1,,
3/2/27,180,1,,
3/3/27,180,1,,
3/4/27,180,1,,
3/5/27,180,1,,
3/6/27,180,1,,
3/7/27,180,1,,
3/8/27,180,1,,
3/9/27,180,1,,
3/10/27,180,1,,
3/11/27,180,1,,
3/12/27,180,1,,
3/13/27,180,1,,
3/14/27,180,1,,
3/15/27,180,1,,
3/16/27,180,1,,
3/17/27,180,1,,
3/18/27,265,1,,
3/19/27,448,1,,
3/20/27,474,1,,
3/21/27,325,1,,
3/22/27,332,1,,
3/23/27,417,1,,
3/24/27,286,1,,
3/25/27,333,1,,
3/26/27,392,1,,
3/27/27,642,1,,
3/28/27,180,1,,
3/29/27,180,1,,
3/30/27,180,1,,
3/31/27,180,1,,
4/1/27,188,1,,
4/2/27,188,1,,
4/3/27,188,1,,
4/4/27,188,1,,
4/5/27,188,1,,
4/6/27,188,1,,
4/7/27,188,1,,
4/8/27,188,1,,
4/9/27,188,1,,
4/10/27,188,1,,
4/11/27,188,1,,
4/12/27,188,1,,
4/13/27,188,1,,
4/14/27,188,1,,
4/15/27,188,1,,
4/16/27,188,1,,
4/17/27,188,1,,
4/18/27,188,1,,
4/19/27,188,1,,
4/20/27,188,1,,
4/21/27,188,1,,
4/22/27,188,1,,
4/23/27,188,1,,
4/24/27,188,1,,
4/25/27,188,1,,
4/26/27,188,1,,
4/27/27,188,1,,
4/28/27,188,1,,
4/29/27,188,1,,
4/30/27,188,1,,
5/1/27,126,1,,
5/2/27,126,1,,
5/3/27,126,1,,
5/4/27,126,1,,
5/5/27,126,1,,
5/6/27,126,1,,
5/7/27,126,1,,
5/8/27,126,1,,
5/9/27,126,1,,
5/10/27,126,1,,
5/11/27,126,1,,
5/12/27,126,1,,
5/13/27,126,1,,
5/14/27,126,1,,
5/15/27,126,1,,
5/16/27,126,1,,
5/17/27,126,1,,
5/18/27,126,1,,
5/19/27,126,1,,
5/20/27,126,1,,
5/21/27,126,1,,
5/22/27,1399,1,,
5/23/27,817,1,,
5/24/27,909,1,,
5/25/27,866,1,,
5/26/27,620,1,,
5/27/27,331,1,,
5/28/27,344,1,,
5/29/27,389,1,,
5/30/27,664,1,,
5/31/27,1129,1,,
6/1/27,226,1,,
6/2/27,226,1,,
6/3/27,226,1,,
6/4/27,226,1,,
6/5/27,226,1,,
6/6/27,226,1,,
6/7/27,226,1,,
6/8/27,226,1,,
6/9/27,226,1,,
6/10/27,226,1,,
6/11/27,226,1,,
6/12/27,226,1,,
6/13/27,226,1,,
6/14/27,226,1,,
6/15/27,226,1,,
6/16/27,226,1,,
6/17/27,226,1,,
6/18/27,226,1,,
6/19/27,226,1,,
6/20/27,226,1,,
6/21/27,226,1,,
6/22/27,226,1,,
6/23/27,226,1,,
6/24/27,226,1,,
6/25/27,226,1,,
6/26/27,226,1,,
6/27/27,226,1,,
6/28/27,226,1,,
6/29/27,226,1,,
6/30/27,226,1,,
7/1/27,357,1,,
7/2/27,384,1,,
7/3/27,384,1,,
7/4/27,384,1,,
7/5/27,451,1,,
7/6/27,540,1,,
7/7/27,120,1,,
7/8/27,120,1,,
7/9/27,120,1,,
7/10/27,120,1,,
7/11/27,120,1,,
7/12/27,120,1,,
7/13/27,120,1,,
7/14/27,120,1,,
7/15/27,120,1,,
7/16/27,120,1,,
7/17/27,120,1,,
7/18/27,120,1,,
7/19/27,120,1,,
7/20/27,120,1,,
7/21/27,120,1,,
7/22/27,120,1,,
7/23/27,120,1,,
7/24/27,120,1,,
7/25/27,120,1,,
7/26/27,120,1,,
7/27/27,120,1,,
7/28/27,120,1,,
7/29/27,120,1,,
7/30/27,120,1,,
7/31/27,120,1,,
8/1/27,207,1,,
8/2/27,207,1,,
8/3/27,207,1,,
8/4/27,207,1,,
8/5/27,207,1,,
8/6/27,207,1,,
8/7/27,207,1,,
8/8/27,207,1,,
8/9/27,207,1,,
8/10/27,207,1,,
8/11/27,207,1,,
8/12/27,207,1,,
8/13/27,207,1,,
8/14/27,207,1,,
8/15/27,207,1,,
8/16/27,207,1,,
8/17/27,207,1,,
8/18/27,207,1,,
8/19/27,207,1,,
8/20/27,207,1,,
8/21/27,207,1,,
8/22/27,207,1,,
8/23/27,207,1,,
8/24/27,207,1,,
8/25/27,634,1,,
8/26/27,634,1,,
8/27/27,582,1,,
8/28/27,585,1,,
8/29/27,676,1,,
8/30/27,556,1,,
8/31/27,556,1,,
9/1/27,489,1,,
9/2/27,558,1,,
9/3/27,526,1,,
9/4/27,685,1,,
9/5/27,789,1,,
9/6/27,1250,1,,
9/7/27,207,1,,
9/8/27,207,1,,
9/9/27,207,1,,
9/10/27,207,1,,
9/11/27,207,1,,
9/12/27,207,1,,
9/13/27,207,1,,
9/14/27,207,1,,
9/15/27,207,1,,
9/16/27,207,1,,
9/17/27,207,1,,
9/18/27,207,1,,
9/19/27,207,1,,
9/20/27,207,1,,
9/21/27,207,1,,
9/22/27,207,1,,
9/23/27,207,1,,
9/24/27,207,1,,
9/25/27,207,1,,
9/26/27,207,1,,
9/27/27,207,1,,
9/28/27,207,1,,
9/29/27,207,1,,
9/30/27,207,1,,
10/1/27,233,1,,
10/2/27,233,1,,
10/3/27,233,1,,
10/4/27,233,1,,
10/5/27,233,1,,
10/6/27,233,1,,
10/7/27,233,1,,
10/8/27,233,1,,
10/9/27,233,1,,
10/10/27,233,1,,
10/11/27,233,1,,
10/12/27,233,1,,
10/13/27,233,1,,
10/14/27,233,1,,
10/15/27,233,1,,
10/16/27,233,1,,
10/17/27,233,1,,
10/18/27,233,1,,
10/19/27,233,1,,
10/20/27,233,1,,
10/21/27,233,1,,
10/22/27,233,1,,
10/23/27,233,1,,
10/24/27,233,1,,
10/25/27,233,1,,
10/26/27,233,1,,
10/27/27,233,1,,
10/28/27,233,1,,
10/29/27,233,1,,
10/30/27,233,1,,
10/31/27,233,1,,
11/1/27,168,3,,
11/2/27,166,3,,
11/3/27,128,3,,
11/4/27,206,3,,
11/5/27,177,3,,
11/6/27,184,3,,
11/7/27,159,3,,
11/8/27,101,3,,
11/9/27,137,3,,
11/10/27,110,3,,
11/11/27,119,3,,
11/12/27,173,3,,
11/13/27,220,3,,
11/14/27,155,3,,
11/15/27,130,3,,
11/16/27,110,3,,
11/17/27,155,3,,
11/18/27,1679,3,,
11/19/27,1201,3,,
11/20/27,1082,3,,
11/21/27,961,3,,
11/22/27,857,3,,
11/23/27,882,3,,
11/24/27,974,3,,
11/25/27,976,3,,
11/26/27,2132,3,,
11/27/27,1219,3,,
11/28/27,1407,3,,
11/29/27,2249,3,,
11/30/27,909,3,,
12/1/27,516,1,,
12/2/27,642,1,,
12/3/27,628,1,,
12/4/27,768,1,,
12/5/27,1369,1,,
12/6/27,278,1,,
12/7/27,278,1,,
12/8/27,265,1,,
12/9/27,283,1,,
12/10/27,584,1,,
12/11/27,242,1,,
12/12/27,220,1,,
12/13/27,220,1,,
12/14/27,202,1,,
12/15/27,220,1,,
12/16/27,209,1,,
12/17/27,222,1,,
12/18/27,245,1,,
12/19/27,227,1,,
12/20/27,159,1,,
12/21/27,202,1,,
12/22/27,184,1,,
12/23/27,233,1,,
12/24/27,202,1,,
12/25/27,285,1,,
12/26/27,424,1,,
12/27/27,348,1,,
12/28/27,339,1,,
12/29/27,359,1,,
12/30/27,319,1,,
12/31/27,352,1,,
1/1/28,355,1,,
1/2/28,355,1,,
1/3/28,355,1,,
1/4/28,355,1,,
1/5/28,355,1,,
1/6/28,355,1,,
1/7/28,355,1,,
1/8/28,355,1,,
1/9/28,355,1,,
1/10/28,355,1,,
1/11/28,355,1,,
1/12/28,355,1,,
1/13/28,355,1,,
1/14/28,355,1,,
1/15/28,355,1,,
1/16/28,355,1,,
1/17/28,355,1,,
1/18/28,355,1,,
1/19/28,355,1,,
1/20/28,355,1,,
1/21/28,355,1,,
1/22/28,355,1,,
1/23/28,355,1,,
1/24/28,355,1,,
1/25/28,355,1,,
1/26/28,355,1,,
1/27/28,355,1,,
1/28/28,355,1,,
1/29/28,355,1,,
1/30/28,355,1,,
1/31/28,355,1,,
2/1/28,349,1,,
2/2/28,349,1,,
2/3/28,349,1,,
2/4/28,349,1,,
2/5/28,349,1,,
2/6/28,349,1,,
2/7/28,349,1,,
2/8/28,349,1,,
2/9/28,349,1,,
2/10/28,349,1,,
2/11/28,349,1,,
2/12/28,349,1,,
2/13/28,349,1,,
2/14/28,349,1,,
2/15/28,349,1,,
2/16/28,349,1,,
2/17/28,349,1,,
2/18/28,349,1,,
2/19/28,349,1,,
2/20/28,349,1,,
2/21/28,349,1,,
2/22/28,349,1,,
2/23/28,349,1,,
2/24/28,349,1,,
2/25/28,349,1,,
2/26/28,349,1,,
2/27/28,349,1,,
2/28/28,349,1,,
2/29/28,349,1,,
3/1/28,198,1,,
3/2/28,198,1,,
3/3/28,198,1,,
3/4/28,198,1,,
3/5/28,198,1,,
3/6/28,198,1,,
3/7/28,198,1,,
3/8/28,198,1,,
3/9/28,198,1,,
3/10/28,198,1,,
3/11/28,198,1,,
3/12/28,198,1,,
3/13/28,198,1,,
3/14/28,198,1,,
3/15/28,198,1,,
3/16/28,198,1,,
3/17/28,198,1,,
3/18/28,292,1,,
3/19/28,493,1,,
3/20/28,522,1,,
3/21/28,358,1,,
3/22/28,365,1,,
3/23/28,459,1,,
3/24/28,315,1,,
3/25/28,367,1,,
3/26/28,431,1,,
3/27/28,707,1,,
3/28/28,198,1,,
3/29/28,198,1,,
3/30/28,198,1,,
3/31/28,198,1,,
4/1/28,207,1,,
4/2/28,207,1,,
4/3/28,207,1,,
4/4/28,207,1,,
4/5/28,207,1,,
4/6/28,207,1,,
4/7/28,207,1,,
4/8/28,207,1,,
4/9/28,207,1,,
4/10/28,207,1,,
4/11/28,207,1,,
4/12/28,207,1,,
4/13/28,207,1,,
4/14/28,207,1,,
4/15/28,207,1,,
4/16/28,207,1,,
4/17/28,207,1,,
4/18/28,207,1,,
4/19/28,207,1,,
4/20/28,207,1,,
4/21/28,207,1,,
4/22/28,207,1,,
4/23/28,207,1,,
4/24/28,207,1,,
4/25/28,207,1,,
4/26/28,207,1,,
4/27/28,207,1,,
4/28/28,207,1,,
4/29/28,207,1,,
4/30/28,207,1,,
5/1/28,139,1,,
5/2/28,139,1,,
5/3/28,139,1,,
5/4/28,139,1,,
5/5/28,139,1,,
5/6/28,139,1,,
5/7/28,139,1,,
5/8/28,139,1,,
5/9/28,139,1,,
5/10/28,139,1,,
5/11/28,139,1,,
5/12/28,139,1,,
5/13/28,139,1,,
5/14/28,139,1,,
5/15/28,139,1,,
5/16/28,139,1,,
5/17/28,139,1,,
5/18/28,139,1,,
5/19/28,139,1,,
5/20/28,139,1,,
5/21/28,139,1,,
5/22/28,1539,1,,
5/23/28,898,1,,
5/24/28,1000,1,,
5/25/28,952,1,,
5/26/28,682,1,,
5/27/28,364,1,,
5/28/28,379,1,,
5/29/28,427,1,,
5/30/28,731,1,,
5/31/28,1242,1,,
6/1/28,249,1,,
6/2/28,249,1,,
6/3/28,249,1,,
6/4/28,249,1,,
6/5/28,249,1,,
6/6/28,249,1,,
6/7/28,249,1,,
6/8/28,249,1,,
6/9/28,249,1,,
6/10/28,249,1,,
6/11/28,249,1,,
6/12/28,249,1,,
6/13/28,249,1,,
6/14/28,249,1,,
6/15/28,249,1,,
6/16/28,249,1,,
6/17/28,249,1,,
6/18/28,249,1,,
6/19/28,249,1,,
6/20/28,249,1,,
6/21/28,249,1,,
6/22/28,249,1,,
6/23/28,249,1,,
6/24/28,249,1,,
6/25/28,249,1,,
6/26/28,249,1,,
6/27/28,249,1,,
6/28/28,249,1,,
6/29/28,249,1,,
6/30/28,249,1,,
7/1/28,392,1,,
7/2/28,423,1,,
7/3/28,423,1,,
7/4/28,423,1,,
7/5/28,496,1,,
7/6/28,594,1,,
7/7/28,132,1,,
7/8/28,132,1,,
7/9/28,132,1,,
7/10/28,132,1,,
7/11/28,132,1,,
7/12/28,132,1,,
7/13/28,132,1,,
7/14/28,132,1,,
7/15/28,132,1,,
7/16/28,132,1,,
7/17/28,132,1,,
7/18/28,132,1,,
7/19/28,132,1,,
7/20/28,132,1,,
7/21/28,132,1,,
7/22/28,132,1,,
7/23/28,132,1,,
7/24/28,132,1,,
7/25/28,132,1,,
7/26/28,132,1,,
7/27/28,132,1,,
7/28/28,132,1,,
7/29/28,132,1,,
7/30/28,132,1,,
7/31/28,132,1,,
8/1/28,228,1,,
8/2/28,228,1,,
8/3/28,228,1,,
8/4/28,228,1,,
8/5/28,228,1,,
8/6/28,228,1,,
8/7/28,228,1,,
8/8/28,228,1,,
8/9/28,228,1,,
8/10/28,228,1,,
8/11/28,228,1,,
8/12/28,228,1,,
8/13/28,228,1,,
8/14/28,228,1,,
8/15/28,228,1,,
8/16/28,228,1,,
8/17/28,228,1,,
8/18/28,228,1,,
8/19/28,228,1,,
8/20/28,228,1,,
8/21/28,228,1,,
8/22/28,228,1,,
8/23/28,228,1,,
8/24/28,228,1,,
8/25/28,697,1,,
8/26/28,697,1,,
8/27/28,640,1,,
8/28/28,644,1,,
8/29/28,743,1,,
8/30/28,612,1,,
8/31/28,612,1,,
9/1/28,538,1,,
9/2/28,614,1,,
9/3/28,578,1,,
9/4/28,754,1,,
9/5/28,868,1,,
9/6/28,1375,1,,
9/7/28,228,1,,
9/8/28,228,1,,
9/9/28,228,1,,
9/10/28,228,1,,
9/11/28,228,1,,
9/12/28,228,1,,
9/13/28,228,1,,
9/14/28,228,1,,
9/15/28,228,1,,
9/16/28,228,1,,
9/17/28,228,1,,
9/18/28,228,1,,
9/19/28,228,1,,
9/20/28,228,1,,
9/21/28,228,1,,
9/22/28,228,1,,
9/23/28,228,1,,
9/24/28,228,1,,
9/25/28,228,1,,
9/26/28,228,1,,
9/27/28,228,1,,
9/28/28,228,1,,
9/29/28,228,1,,
9/30/28,228,1,,
10/1/28,256,1,,
10/2/28,256,1,,
10/3/28,256,1,,
10/4/28,256,1,,
10/5/28,256,1,,
10/6/28,256,1,,
10/7/28,256,1,,
10/8/28,256,1,,
10/9/28,256,1,,
10/10/28,256,1,,
10/11/28,256,1,,
10/12/28,256,1,,
10/13/28,256,1,,
10/14/28,256,1,,
10/15/28,256,1,,
10/16/28,256,1,,
10/17/28,256,1,,
10/18/28,256,1,,
10/19/28,256,1,,
10/20/28,256,1,,
10/21/28,256,1,,
10/22/28,256,1,,
10/23/28,256,1,,
10/24/28,256,1,,
10/25/28,256,1,,
10/26/28,256,1,,
10/27/28,256,1,,
10/28/28,256,1,,
10/29/28,256,1,,
10/30/28,256,1,,
10/31/28,256,1,,
11/1/28,185,3,,
11/2/28,183,3,,
11/3/28,141,3,,
11/4/28,227,3,,
11/5/28,195,3,,
11/6/28,202,3,,
11/7/28,175,3,,
11/8/28,111,3,,
11/9/28,151,3,,
11/10/28,121,3,,
11/11/28,131,3,,
11/12/28,190,3,,
11/13/28,242,3,,
11/14/28,170,3,,
11/15/28,143,3,,
11/16/28,121,3,,
11/17/28,170,3,,
11/18/28,1847,3,,
11/19/28,1321,3,,
11/20/28,1190,3,,
11/21/28,1057,3,,
11/22/28,943,3,,
11/23/28,970,3,,
11/24/28,1071,3,,
11/25/28,1074,3,,
11/26/28,2345,3,,
11/27/28,1341,3,,
11/28/28,1548,3,,
11/29/28,2474,3,,
11/30/28,1000,3,,
12/1/28,568,1,,
12/2/28,706,1,,
12/3/28,691,1,,
12/4/28,844,1,,
12/5/28,1506,1,,
12/6/28,306,1,,
12/7/28,306,1,,
12/8/28,291,1,,
12/9/28,311,1,,
12/10/28,642,1,,
12/11/28,267,1,,
12/12/28,242,1,,
12/13/28,242,1,,
12/14/28,222,1,,
12/15/28,242,1,,
12/16/28,230,1,,
12/17/28,244,1,,
12/18/28,269,1,,
12/19/28,249,1,,
12/20/28,175,1,,
12/21/28,222,1,,
12/22/28,202,1,,
12/23/28,257,1,,
12/24/28,222,1,,
12/25/28,314,1,,
12/26/28,467,1,,
12/27/28,383,1,,
12/28/28,373,1,,
12/29/28,395,1,,
12/30/28,351,1,,
12/31/28,388,1,,
1/1/29,391,1,,
1/2/29,391,1,,
1/3/29,391,1,,
1/4/29,391,1,,
1/5/29,391,1,,
1/6/29,391,1,,
1/7/29,391,1,,
1/8/29,391,1,,
1/9/29,391,1,,
1/10/29,391,1,,
1/11/29,391,1,,
1/12/29,391,1,,
1/13/29,391,1,,
1/14/29,391,1,,
1/15/29,391,1,,
1/16/29,391,1,,
1/17/29,391,1,,
1/18/29,391,1,,
1/19/29,391,1,,
1/20/29,391,1,,
1/21/29,391,1,,
1/22/29,391,1,,
1/23/29,391,1,,
1/24/29,391,1,,
1/25/29,391,1,,
1/26/29,391,1,,
1/27/29,391,1,,
1/28/29,391,1,,
1/29/29,391,1,,
1/30/29,391,1,,
1/31/29,391,1,,